/*
Navicat MySQL Data Transfer

Source Server         : localhost
Source Server Version : 50525
Source Host           : localhost:3306
Source Database       : php100_shop

Target Server Type    : MYSQL
Target Server Version : 50525
File Encoding         : 65001

Date: 2015-04-29 14:19:10
*/

SET FOREIGN_KEY_CHECKS=0;

-- ----------------------------
-- Table structure for shop_admins
-- ----------------------------
DROP TABLE IF EXISTS `shop_admins`;
CREATE TABLE `shop_admins` (
  `admins_id` int(10) unsigned NOT NULL AUTO_INCREMENT,
  `admins_account` varchar(32) CHARACTER SET latin1 NOT NULL,
  `admins_name` varchar(16) COLLATE utf8_bin DEFAULT NULL,
  `admins_pass` char(32) CHARACTER SET latin1 NOT NULL,
  `admins_phone` varchar(255) COLLATE utf8_bin DEFAULT NULL,
  `admins_age` int(3) unsigned DEFAULT NULL,
  `admins_status` int(1) unsigned DEFAULT NULL,
  `admins_sex` tinyint(1) DEFAULT NULL,
  `admins_icon` varchar(255) CHARACTER SET utf8 DEFAULT NULL,
  PRIMARY KEY (`admins_id`)
) ENGINE=InnoDB AUTO_INCREMENT=41 DEFAULT CHARSET=utf8 COLLATE=utf8_bin;

-- ----------------------------
-- Records of shop_admins
-- ----------------------------
INSERT INTO `shop_admins` VALUES ('5', 'zhulei123', '朱磊', '202cb962ac59075b964b07152d234b70', '321313123', '24', '0', '1', '/images/553f4c54c3b37.jpg');
INSERT INTO `shop_admins` VALUES ('37', 'huangshan123', '黄珊', '202cb962ac59075b964b07152d234b70', '123456789', '20', '0', '1', '/images/553f4a9da3d4a.jpg');
INSERT INTO `shop_admins` VALUES ('38', 'shengfang123', '盛芳', '202cb962ac59075b964b07152d234b70', '12345', '25', '0', '0', '/images/553f4bf31a5ec.jpg');
INSERT INTO `shop_admins` VALUES ('39', 'liqiongbo123', '李琼波', '202cb962ac59075b964b07152d234b70', '1234567', '30', '0', '1', '/images/553f4c6135d18.jpg');
INSERT INTO `shop_admins` VALUES ('40', 'aa', 'aa', '4124bc0a9335c27f086f24ba207a4912', '1111', '111', '0', '0', '/images/553f7eb587d74.jpg');

-- ----------------------------
-- Table structure for shop_cart
-- ----------------------------
DROP TABLE IF EXISTS `shop_cart`;
CREATE TABLE `shop_cart` (
  `cart_id` int(10) unsigned NOT NULL AUTO_INCREMENT,
  `cart_userid` int(10) unsigned DEFAULT NULL,
  `cart_goodsid` int(10) unsigned DEFAULT NULL,
  `cart_goodspic` varchar(255) DEFAULT NULL,
  `cart_goodsname` varchar(255) CHARACTER SET utf8 COLLATE utf8_bin DEFAULT NULL,
  `cart_goodsdescr` varchar(255) CHARACTER SET utf8 COLLATE utf8_bin DEFAULT NULL,
  `cart_goodsprice` varchar(44) DEFAULT NULL,
  `cart_num` int(10) unsigned DEFAULT NULL,
  `cart_total` varchar(255) DEFAULT NULL,
  PRIMARY KEY (`cart_id`)
) ENGINE=InnoDB AUTO_INCREMENT=8 DEFAULT CHARSET=latin1;

-- ----------------------------
-- Records of shop_cart
-- ----------------------------
INSERT INTO `shop_cart` VALUES ('1', '96', '6', '553992eba7215.jpg', '彩虹花型 18K金五色彩色宝石戒指', '彩虹花型 18K金五色彩色宝石戒指', '4599.00', '1', '0');
INSERT INTO `shop_cart` VALUES ('2', '94', '7', '553994b2c469b.jpg', '彩虹四叶草 18K金四色彩色宝石坠', '彩虹四叶草 18K金四色彩色宝石坠', '6999.00', '3', '0');
INSERT INTO `shop_cart` VALUES ('3', '94', '7', '553994b2c469b.jpg', '彩虹四叶草 18K金四色彩色宝石坠', '彩虹四叶草 18K金四色彩色宝石坠', '6999.00', '2', '0');
INSERT INTO `shop_cart` VALUES ('4', '94', '14', '553999e95342c.jpg', '蒙索花园 绣球花 18K白金托帕石吊坠', '蒙索花园 绣球花 18K白金托帕石吊坠', '4699.00', '2', '0');
INSERT INTO `shop_cart` VALUES ('5', '94', '16', '55399ae536ee6.jpg', 'ESV双心花 14K金透辉石吊坠', 'ESV双心花 14K金透辉石吊坠', '2999.00', '1', '0');
INSERT INTO `shop_cart` VALUES ('6', '94', '13', '5539997c5694a.jpg', '芭蕾女孩 18K金紫晶耳环', '芭蕾女孩 18K金紫晶耳环 ', '3599.00', '2', '0');
INSERT INTO `shop_cart` VALUES ('7', '1', '3', '553938213bd00.jpg', '男款白色印花衬衫', '男款白色印花衬衫', '4000.00', '1', '0');

-- ----------------------------
-- Table structure for shop_collects
-- ----------------------------
DROP TABLE IF EXISTS `shop_collects`;
CREATE TABLE `shop_collects` (
  `collect_id` int(10) unsigned NOT NULL AUTO_INCREMENT,
  `collect_userid` int(10) unsigned NOT NULL,
  `collect_goodsid` int(10) unsigned DEFAULT NULL,
  `collect_time` varchar(32) DEFAULT NULL,
  PRIMARY KEY (`collect_id`)
) ENGINE=InnoDB AUTO_INCREMENT=64 DEFAULT CHARSET=latin1;

-- ----------------------------
-- Records of shop_collects
-- ----------------------------
INSERT INTO `shop_collects` VALUES ('1', '1', '14', '20150415');
INSERT INTO `shop_collects` VALUES ('2', '1', '15', '20150415');
INSERT INTO `shop_collects` VALUES ('3', '2', '16', '20150415');
INSERT INTO `shop_collects` VALUES ('5', '3', '18', '20150415');
INSERT INTO `shop_collects` VALUES ('6', '3', '19', '20150415');
INSERT INTO `shop_collects` VALUES ('46', '75', '24', '1429588220');
INSERT INTO `shop_collects` VALUES ('47', '75', '20', '1429595888');
INSERT INTO `shop_collects` VALUES ('49', '75', '20', '1429601960');
INSERT INTO `shop_collects` VALUES ('50', '75', '24', '1429665579');
INSERT INTO `shop_collects` VALUES ('53', '76', '2', '1429691938');
INSERT INTO `shop_collects` VALUES ('54', '76', '2', '1429692164');
INSERT INTO `shop_collects` VALUES ('56', '76', '1', '1429705455');
INSERT INTO `shop_collects` VALUES ('57', '0', '38', '1429965507');
INSERT INTO `shop_collects` VALUES ('58', '76', '3', '1430110166');
INSERT INTO `shop_collects` VALUES ('60', '1', '3', '1430204381');
INSERT INTO `shop_collects` VALUES ('61', '1', '12', '1430209913');
INSERT INTO `shop_collects` VALUES ('63', '100', '9', '1430210600');

-- ----------------------------
-- Table structure for shop_commentdetail
-- ----------------------------
DROP TABLE IF EXISTS `shop_commentdetail`;
CREATE TABLE `shop_commentdetail` (
  `commentDetail_id` int(10) unsigned NOT NULL AUTO_INCREMENT,
  `commentDetail_commentid` int(11) unsigned NOT NULL,
  `commentDetail_title` varchar(255) CHARACTER SET utf8 NOT NULL,
  `commentDetail_content` varchar(10000) CHARACTER SET utf8 DEFAULT NULL,
  PRIMARY KEY (`commentDetail_id`)
) ENGINE=InnoDB AUTO_INCREMENT=14 DEFAULT CHARSET=utf8 COLLATE=utf8_bin;

-- ----------------------------
-- Records of shop_commentdetail
-- ----------------------------
INSERT INTO `shop_commentdetail` VALUES ('1', '5', '真心不喜欢', '不喜欢不喜欢不喜欢不喜欢不喜欢不喜欢不喜欢不喜欢不喜欢不喜欢不喜欢不喜欢不喜欢不喜欢不喜欢不喜欢不喜欢不喜欢不喜欢不喜欢不喜欢不喜欢不喜欢不喜欢不喜欢不喜欢不喜欢不喜欢不喜欢不喜欢不喜欢不喜欢不喜欢不喜欢不喜欢不喜欢不喜欢不喜欢不喜欢不喜欢不喜欢不喜欢不喜欢不喜欢不喜欢不喜欢不喜欢不喜欢不喜欢不喜欢不喜欢不喜欢不喜欢不喜欢不喜欢不喜欢不喜欢不喜欢不喜欢不喜欢不喜欢不喜欢不喜欢不喜欢不喜欢不喜欢不喜欢不喜欢不喜欢不喜欢不喜欢不喜欢不喜欢不喜欢不喜欢不喜欢不喜欢不喜欢不喜欢不喜欢不喜欢不喜欢不喜欢不喜欢不喜欢');
INSERT INTO `shop_commentdetail` VALUES ('2', '6', 'aaa', 'aaaa');
INSERT INTO `shop_commentdetail` VALUES ('3', '7', '戒指不错', '戒指确实不错');
INSERT INTO `shop_commentdetail` VALUES ('5', '9', 'zhulei', '123朱磊\r\n');
INSERT INTO `shop_commentdetail` VALUES ('6', '10', '项链真漂亮', '好漂亮呀好漂亮好漂亮呀好漂亮好漂亮呀好漂亮好漂亮呀好漂亮好漂亮呀好漂亮好漂亮呀好漂亮好漂亮呀好漂亮好漂亮呀好漂亮好漂亮呀好漂亮好漂亮呀好漂亮好漂亮呀好漂亮好漂亮呀好漂亮好漂亮呀好漂亮好漂亮呀好漂亮好漂亮呀好漂亮好漂亮呀好漂亮好漂亮呀好漂亮好漂亮呀好漂亮好漂亮呀好漂亮好漂亮呀好漂亮');
INSERT INTO `shop_commentdetail` VALUES ('7', '11', '昙花一现', '酒醒只在花前坐，酒醉还来花下眠，半醉半醒日复日，花开花落年复年。\r\n酒醒只在花前坐，酒醉还来花下眠，半醉半醒日复日，花开花落年复年。酒醒只在酒醒只在花前坐，酒醉还来花下眠，半醉半醒日复日，花开花落年复年。\r\n酒醒只在花前坐，酒醉还来花下眠，半醉半醒日复日，花开花落年复年。\r\n酒醒只在花前坐，酒醉还来花下眠，半醉半醒日复日，花开花落年复年。\r\n酒醒只在花前坐，酒醉还来花下眠，半醉半醒日复日，花开花落酒醒只在花前坐，酒醉还来花下眠，半醉半醒日复日，花开花落年复年。\r\n');
INSERT INTO `shop_commentdetail` VALUES ('8', '12', '烂眼镜', '眼镜真丑，丑爆了！眼镜真丑，丑爆了！眼镜真丑，丑爆了！眼镜真丑，丑爆了！眼镜真丑，丑爆了！眼镜真丑，丑爆了！眼镜真丑，丑爆了！眼镜真丑，丑爆了！眼镜真丑，丑爆了！眼镜真丑，丑爆了！眼镜真丑，丑爆了！眼镜真丑，丑爆了！眼镜真丑，丑爆了！眼镜真丑，丑爆了！眼镜真丑，丑爆了！眼镜真丑，丑爆了！眼镜真丑，丑爆了！眼镜真丑，丑爆了！眼镜真丑，丑爆了！眼镜真丑，丑爆了！眼镜真丑，丑爆了！眼镜真丑，丑爆了！眼镜真丑，丑爆了！眼镜真丑，丑爆了！眼镜真丑，丑爆了！眼镜真丑，丑爆了！眼镜真丑，丑爆了！');
INSERT INTO `shop_commentdetail` VALUES ('9', '13', '破烂', '破烂破烂破烂破烂破烂破烂破烂破烂破烂破烂破烂破烂破烂破烂破烂破烂破烂破烂破烂破烂破烂破烂破烂破烂破烂破烂破烂破烂破烂破烂破烂破烂破烂破烂破烂破烂破烂破烂破烂破烂破烂破烂破烂破烂破烂破烂破烂破烂破烂破烂破烂破烂破烂破烂破烂');
INSERT INTO `shop_commentdetail` VALUES ('10', '14', '浪漫一生', '一无是处一无是处一无是处一无是处一无是处一无是处一无是处一无是处一无是处一无是处一无是处一无是处一无是处一无是处一无是处一无是处一无是处一无是处一无是处一无是处一无是处一无是处一无是处一无是处一无是处一无是处一无是处一无是处一无是处一无是处一无是处一无是处');
INSERT INTO `shop_commentdetail` VALUES ('11', '15', '夏天夏天', '夏天来了 好热啊夏天来了 好热啊夏天来了 好热啊夏天来了 好热啊夏天来了 好热啊夏天来了 好热啊夏天来了 好热啊夏天来了 好热啊夏天来了 好热啊夏天来了 好热啊夏天来了 好热啊夏天来了 好热啊夏天来了 好热啊夏天来了 好热啊夏天来了 好热啊夏天来了 好热啊夏天来了 好热啊夏天来了 好热啊夏天来了 好热啊夏天来了 好热啊夏天来了 好热啊夏天来了 好热啊夏天来了 好热啊夏天来了 好热啊夏天来了 好热啊夏天来了 好热啊夏天来了 好热啊夏天来了 好热啊夏天来了 好热啊夏天来了 好热啊夏天来了 好热啊夏天来了 好热啊夏天来了 好热啊夏天来了 好热啊夏天来了 好热啊夏天来了 好热啊夏天来了 好热啊夏天来了 好热啊夏天来了 好热啊夏天来了 好热啊');
INSERT INTO `shop_commentdetail` VALUES ('12', '16', '帅帅哒', '精美绝伦精美绝伦精美绝伦精美绝伦精美绝伦精美绝伦精美绝伦精美绝伦精美绝伦精美绝伦精美绝伦精美绝伦精美绝伦');
INSERT INTO `shop_commentdetail` VALUES ('13', '17', '戒指', '精美绝伦精美绝伦精美绝伦精美绝伦精美绝伦精美绝伦精美绝伦精美绝伦精美绝伦精美绝伦精美绝伦精美绝伦精美绝伦精美绝伦精美绝伦精美绝伦精美绝伦精美绝伦');

-- ----------------------------
-- Table structure for shop_comments
-- ----------------------------
DROP TABLE IF EXISTS `shop_comments`;
CREATE TABLE `shop_comments` (
  `comments_id` int(10) unsigned NOT NULL AUTO_INCREMENT,
  `comments_userid` int(10) unsigned DEFAULT NULL,
  `comments_goodsid` int(10) unsigned NOT NULL,
  `comments_goodspic` varchar(255) COLLATE utf8_bin DEFAULT NULL,
  `comments_title` varchar(255) COLLATE utf8_bin DEFAULT NULL,
  `comments_time` int(10) unsigned DEFAULT NULL,
  PRIMARY KEY (`comments_id`)
) ENGINE=InnoDB AUTO_INCREMENT=18 DEFAULT CHARSET=utf8 COLLATE=utf8_bin;

-- ----------------------------
-- Records of shop_comments
-- ----------------------------
INSERT INTO `shop_comments` VALUES ('7', '93', '6', '553992eba7215.jpg', '戒指不错', '1430121693');
INSERT INTO `shop_comments` VALUES ('9', '96', '6', '553992eba7215.jpg', 'zhulei', '1430183756');
INSERT INTO `shop_comments` VALUES ('11', '94', '7', '553994b2c469b.jpg', '昙花一现', '1430183963');
INSERT INTO `shop_comments` VALUES ('12', '94', '2', '55374fb542a3c.jpg', '烂眼镜', '1430184005');
INSERT INTO `shop_comments` VALUES ('13', '94', '14', '553999e95342c.jpg', '破烂', '1430184223');
INSERT INTO `shop_comments` VALUES ('14', '94', '14', '553999e95342c.jpg', '浪漫一生', '1430184506');
INSERT INTO `shop_comments` VALUES ('15', '94', '14', '553999e95342c.jpg', '夏天夏天', '1430185169');
INSERT INTO `shop_comments` VALUES ('16', '94', '14', '553999e95342c.jpg', '帅帅哒', '1430210028');
INSERT INTO `shop_comments` VALUES ('17', '94', '6', '553992eba7215.jpg', '戒指', '1430212815');

-- ----------------------------
-- Table structure for shop_detail
-- ----------------------------
DROP TABLE IF EXISTS `shop_detail`;
CREATE TABLE `shop_detail` (
  `detail_id` int(11) NOT NULL AUTO_INCREMENT,
  `detail_orderid` int(10) unsigned NOT NULL,
  `detail_goodsid` int(10) unsigned DEFAULT NULL,
  `detail_name` varchar(32) COLLATE utf8_bin DEFAULT NULL,
  `detail_pic` varchar(255) COLLATE utf8_bin DEFAULT NULL,
  `detail_price` double(6,2) DEFAULT NULL,
  `detail_num` int(10) unsigned DEFAULT NULL,
  `detail_total` varchar(255) COLLATE utf8_bin NOT NULL,
  PRIMARY KEY (`detail_id`)
) ENGINE=InnoDB AUTO_INCREMENT=48 DEFAULT CHARSET=utf8 COLLATE=utf8_bin;

-- ----------------------------
-- Records of shop_detail
-- ----------------------------
INSERT INTO `shop_detail` VALUES ('12', '24', '2', '男款玳瑁色太阳镜', '55374fb542a3c.jpg', '990.00', '1', '990');
INSERT INTO `shop_detail` VALUES ('13', '24', '1', '女款紫色丝绒太阳镜', '553740b66a6bd.jpg', '1280.00', '1', '1280');
INSERT INTO `shop_detail` VALUES ('14', '25', '2', '男款玳瑁色太阳镜', '55374fb542a3c.jpg', '990.00', '1', '990');
INSERT INTO `shop_detail` VALUES ('15', '26', '2', '男款玳瑁色太阳镜', '55374fb542a3c.jpg', '990.00', '1', '990');
INSERT INTO `shop_detail` VALUES ('16', '27', '2', '男款玳瑁色太阳镜', '55374fb542a3c.jpg', '990.00', '1', '990');
INSERT INTO `shop_detail` VALUES ('17', '27', '1', '女款紫色丝绒太阳镜', '553740b66a6bd.jpg', '1280.00', '1', '1280');
INSERT INTO `shop_detail` VALUES ('18', '28', '1', '女款紫色丝绒太阳镜', '553740b66a6bd.jpg', '1280.00', '1', '1280');
INSERT INTO `shop_detail` VALUES ('19', '29', '1', '女款紫色丝绒太阳镜', '553740b66a6bd.jpg', '1280.00', '1', '1280');
INSERT INTO `shop_detail` VALUES ('20', '29', '2', '男款玳瑁色太阳镜', '55374fb542a3c.jpg', '990.00', '1', '990');
INSERT INTO `shop_detail` VALUES ('21', '30', '1', '女款紫色丝绒太阳镜', '553740b66a6bd.jpg', '1280.00', '5', '6400');
INSERT INTO `shop_detail` VALUES ('22', '31', '3', '男款白色印花衬衫', '553938213bd00.jpg', '4000.00', '2', '8000');
INSERT INTO `shop_detail` VALUES ('23', '31', '5', '意大利经典全棉免烫衬衫', '55393af60d0d3.jpg', '1999.00', '3', '5997');
INSERT INTO `shop_detail` VALUES ('24', '32', '5', '意大利经典全棉免烫衬衫', '55393af60d0d3.jpg', '1999.00', '4', '7996');
INSERT INTO `shop_detail` VALUES ('25', '32', '7', '彩虹四叶草 18K金四色彩色宝石坠', '553994b2c469b.jpg', '6999.00', '1', '6999');
INSERT INTO `shop_detail` VALUES ('26', '33', null, null, null, null, '2', '0');
INSERT INTO `shop_detail` VALUES ('27', '33', '7', '彩虹四叶草 18K金四色彩色宝石坠', '553994b2c469b.jpg', '6999.00', '5', '34995');
INSERT INTO `shop_detail` VALUES ('28', '33', '33', '男款黑色全框太阳镜', '5539b5a4b1631.jpg', '1130.00', '2', '2260');
INSERT INTO `shop_detail` VALUES ('29', '33', '34', '意大利进口全棉短袖衬衫', '5539b61ba90a6.jpg', '1980.00', '1', '1980');
INSERT INTO `shop_detail` VALUES ('30', '33', '3', '男款白色印花衬衫', '553938213bd00.jpg', '4000.00', '2', '8000');
INSERT INTO `shop_detail` VALUES ('31', '34', '6', '彩虹花型 18K金五色彩色宝石戒指', '553992eba7215.jpg', '4599.00', '5', '22995');
INSERT INTO `shop_detail` VALUES ('32', '34', '2', '男款玳瑁色太阳镜', '55374fb542a3c.jpg', '990.00', '2', '1980');
INSERT INTO `shop_detail` VALUES ('33', '35', '6', '彩虹花型 18K金五色彩色宝石戒指', '553992eba7215.jpg', '4599.00', '1', '4599');
INSERT INTO `shop_detail` VALUES ('34', '36', '7', '彩虹四叶草 18K金四色彩色宝石坠', '553994b2c469b.jpg', '6999.00', '5', '34995');
INSERT INTO `shop_detail` VALUES ('35', '36', '2', '男款玳瑁色太阳镜', '55374fb542a3c.jpg', '990.00', '3', '2970');
INSERT INTO `shop_detail` VALUES ('36', '37', '13', '芭蕾女孩 18K金紫晶耳环', '5539997c5694a.jpg', '3599.00', '2', '7198');
INSERT INTO `shop_detail` VALUES ('37', '37', '6', '彩虹花型 18K金五色彩色宝石戒指', '553992eba7215.jpg', '4599.00', '3', '13797');
INSERT INTO `shop_detail` VALUES ('38', '37', '14', '蒙索花园 绣球花 18K白金托帕石吊坠', '553999e95342c.jpg', '4699.00', '2', '9398');
INSERT INTO `shop_detail` VALUES ('39', '37', '16', 'ESV双心花 14K金透辉石吊坠', '55399ae536ee6.jpg', '2999.00', '2', '5998');
INSERT INTO `shop_detail` VALUES ('40', '38', '7', '彩虹四叶草 18K金四色彩色宝石坠', '553994b2c469b.jpg', '6999.00', '2', '13998');
INSERT INTO `shop_detail` VALUES ('41', '38', '14', '蒙索花园 绣球花 18K白金托帕石吊坠', '553999e95342c.jpg', '4699.00', '2', '9398');
INSERT INTO `shop_detail` VALUES ('42', '38', '16', 'ESV双心花 14K金透辉石吊坠', '55399ae536ee6.jpg', '2999.00', '1', '2999');
INSERT INTO `shop_detail` VALUES ('43', '38', '13', '芭蕾女孩 18K金紫晶耳环', '5539997c5694a.jpg', '3599.00', '2', '7198');
INSERT INTO `shop_detail` VALUES ('44', '39', '3', '男款白色印花衬衫', '553938213bd00.jpg', '4000.00', '5', '20000');
INSERT INTO `shop_detail` VALUES ('45', '40', '14', '蒙索花园 绣球花 18K白金托帕石吊坠', '553999e95342c.jpg', '4699.00', '2', '9398');
INSERT INTO `shop_detail` VALUES ('46', '41', '6', '彩虹花型 18K金五色彩色宝石戒指', '553992eba7215.jpg', '4599.00', '5', '22995');
INSERT INTO `shop_detail` VALUES ('47', '41', '1', '女款紫色丝绒太阳镜', '553740b66a6bd.jpg', '1280.00', '1', '1280');

-- ----------------------------
-- Table structure for shop_flink
-- ----------------------------
DROP TABLE IF EXISTS `shop_flink`;
CREATE TABLE `shop_flink` (
  `Flink_id` int(3) unsigned NOT NULL AUTO_INCREMENT,
  `Flink_name` varchar(255) CHARACTER SET utf8 COLLATE utf8_bin NOT NULL,
  `Flink_status` tinyint(1) unsigned DEFAULT NULL,
  `Flink_url` varchar(255) NOT NULL,
  PRIMARY KEY (`Flink_id`)
) ENGINE=InnoDB AUTO_INCREMENT=4 DEFAULT CHARSET=latin1;

-- ----------------------------
-- Records of shop_flink
-- ----------------------------
INSERT INTO `shop_flink` VALUES ('1', '阿里巴巴', '0', 'http://www.1688.com');
INSERT INTO `shop_flink` VALUES ('2', '腾讯微博', '0', 'http://www.sina.com');
INSERT INTO `shop_flink` VALUES ('3', '新浪微博', '2', 'http://www.sina.com/souhu/58/ganji');

-- ----------------------------
-- Table structure for shop_gdetail
-- ----------------------------
DROP TABLE IF EXISTS `shop_gdetail`;
CREATE TABLE `shop_gdetail` (
  `gdetail_id` int(11) NOT NULL AUTO_INCREMENT,
  `gdetail_goodsid` int(11) NOT NULL,
  `gdetail_picname1` varchar(32) NOT NULL,
  `gdetail_picname2` varchar(32) NOT NULL,
  `gdetail_picname3` varchar(32) NOT NULL,
  `gdetail_picname4` varchar(32) NOT NULL,
  `gdetail_gnum` varchar(32) NOT NULL,
  `gdetail_texture` varchar(64) NOT NULL,
  `gdetail_pplace` varchar(64) NOT NULL,
  `gdetail_descr` varchar(511) NOT NULL,
  `gdetail_clean` varchar(255) NOT NULL,
  PRIMARY KEY (`gdetail_id`)
) ENGINE=InnoDB AUTO_INCREMENT=50 DEFAULT CHARSET=utf8;

-- ----------------------------
-- Records of shop_gdetail
-- ----------------------------
INSERT INTO `shop_gdetail` VALUES ('1', '1', '5537419dda218.jpg', '5537419dda5ca.jpg', '5537419ddaa64.jpg', '5537419ddb105.jpg', 'RB4171F60804V', '框架材质：尼龙，镜片材质：树脂', '意大利', '独特的尼龙材质镜框极富设计感，彩色镜片紧跟最新潮流，打造激动人心的独特外观。   ', '1.双手摘戴防变形：双手摘戴眼镜，以避免镜腿外张导致佩戴不适。\r\n2.变形眼镜损视力：眼镜过一段时间就要来店做保养及检查调整，以确保您的眼镜时常清晰舒适。\r\n3.偏光眼镜要防晒：眼镜尤其是偏光太阳镜，请不要放在汽车挡风玻璃下，因那里温度会很高，容易导致镜片开胶。\r\n4.清洁眼镜先除尘：镜片脏时，请用中性洗洁精清洁，再用清水冲洗干净，最后用柔软的纸巾将水吸干。\r\n5.保护眼镜远高温：您的眼镜无论任何情况都应避免接触高温及化学试剂，如蒸桑拿时甚至洗澡时都不能带着眼镜进浴室。否则很容易造成镜片脱模（不加膜的镜片');
INSERT INTO `shop_gdetail` VALUES ('2', '2', '55375039596de.jpg', '5537503959d57.jpg', '553750395a33a.jpg', '553750395a75c.jpg', 'RB4187F85613', '框架材质：胶版，镜片材质：树脂', '意大利', '方框太阳眼镜是经典时尚之选，大气的玳瑁板材打造出怀旧的气息，是古典而不失时髦格调的精品配饰。', '1.双手摘戴防变形：双手摘戴眼镜，以避免镜腿外张导致佩戴不适。\r\n2.变形眼镜损视力：眼镜过一段时间就要来店做保养及检查调整，以确保您的眼镜时常清晰舒适。\r\n3.偏光眼镜要防晒：眼镜尤其是偏光太阳镜，请不要放在汽车挡风玻璃下，因那里温度会很高，容易导致镜片开胶。\r\n4.清洁眼镜先除尘：镜片脏时，请用中性洗洁精清洁，再用清水冲洗干净，最后用柔软的纸巾将水吸干。\r\n5.保护眼镜远高温：您的眼镜无论任何情况都应避免接触高温及化学试剂，如蒸桑拿时甚至洗澡时都不能带着眼镜进浴室。否则很容易造成镜片脱模（不加膜的镜片');
INSERT INTO `shop_gdetail` VALUES ('3', '3', '5539393b09aaf.jpg', '5539393b0a2a2.jpg', '5539393b0a928.jpg', '5539393b0afa5.jpg', 'S01DL0097N37440100S', '面料1：100% 桑蚕丝；面料2：100% 棉', '罗马尼亚', '干净利落的剪裁搭配个性的印花，面料的拼接，让整件衣服充满独特的个性效果，易搭配，适合多场合穿着。', '最高洗涤温度：30℃\r\n不可漂白，不可翻转干燥\r\n熨斗底板最高温度110°C\r\n使用四氯乙烯和符号F代表的所有溶剂的专业干洗，缓和干洗');
INSERT INTO `shop_gdetail` VALUES ('4', '4', '553939e723f57.jpg', '553939e72484d.jpg', '553939e72553a.jpg', '553939e725e1a.jpg', 'S01DL0086N37413180S', '面料1：100% 棉；面料2：100% 棉', '罗马尼亚', '修身版衬衫，小立领细节设计搭配部落风情印花，个性帅气。', '最高洗涤温度：30℃\r\n不可漂白，不可翻转干燥\r\n熨斗底板最高温度110°C\r\n使用四氯乙烯和符号F代表的所有溶剂的专业干洗，缓和干洗');
INSERT INTO `shop_gdetail` VALUES ('5', '5', '55393b69c5058.jpg', '55393b69c5822.jpg', '55393b69c600c.jpg', '55393b69c6d22.jpg', 'IBC4A181MEY11', '100%棉', '中国香港', '恺米切的实用创新主义造就了纯棉质地、舒适贴身这类休闲至上的衬衫，没有正式衬衫带来的严肃感，轻易的让你多了一丝自然和洒脱。且独特专利的免烫技术，让衬衫“越挂越平整，越穿越舒贴”。', '1、水温40°C以下机械常规洗涤\r\n2、不可漂白\r\n3、熨烫温度不能超过150°C');
INSERT INTO `shop_gdetail` VALUES ('6', '6', '55399360b1e77.jpg', '55399360b2641.jpg', '55399360b2cce.jpg', '55399360b3470.jpg', 'ER0011933Y1H599', '18K黄金 金重：2.63G 宝石：五色彩色宝石 总石重：1.4CT', '中国深圳', '源自自然的灵感和色彩融合于清新别致的设计之中，绚丽耀目又兼具亲和力，令人为之心动。花朵型彩色宝石，仿佛染上彩虹色彩的花仙子，从天上飘落，经过ENZO设计师精心设计，重现彩虹般的自然神韵。多刻面顶级宝石闪烁着迷人色彩，更加彰显佩戴者自信迷人的风采。', 'ENZO贴心售后服务及注意事项\r\n1. ENZO提供永久免费清洗、翻新、抛光、焊接、刻字、松石问题等服务。\r\n2. 不接受非公司的货品维修；\r\n3. 赠品一般不接受维修。\r\n4. 改手寸范围及注意事项：\r\n首次改手寸，改小或改大3个号内免费，改大4个号收￥100、改大5个号收￥200按原手寸号为准，以此类推且不建议第二次改手寸，同时要参考以下不同商品改手寸规定的范围。\r\n（1） 独头戒戒面较窄款、带有一粒石的最大改到6个号。（所有货品都不能超过6个号，如超过6个号需下单订做。\r\n（2） 戒臂带碎钻及独头戒');
INSERT INTO `shop_gdetail` VALUES ('7', '7', '553995a0e3337.jpg', '553995a0e3916.jpg', '553995a0e3e8a.jpg', '553995a0e4453.jpg', 'ER0011933Y1H590', '18K黄金 金重：2.63G 宝石：五色彩色宝石 总石重：1.4CT', '中国深圳', '源自自然的灵感和色彩融合于清新别致的设计之中，绚丽耀目又兼具亲和力，令人为之心动。花朵型彩色宝石，仿佛染上彩虹色彩的花仙子，从天上飘落，经过ENZO设计师精心设计，重现彩虹般的自然神韵。多刻面顶级宝石闪烁着迷人色彩，更加彰显佩戴者自信迷人的风采。', 'ENZO贴心售后服务及注意事项\r\n1. ENZO提供永久免费清洗、翻新、抛光、焊接、刻字、松石问题等服务。\r\n2. 不接受非公司的货品维修；\r\n3. 赠品一般不接受维修。\r\n4. 改手寸范围及注意事项：\r\n首次改手寸，改小或改大3个号内免费，改大4个号收￥100、改大5个号收￥200按原手寸号为准，以此类推且不建议第二次改手寸，同时要参考以下不同商品改手寸规定的范围。\r\n（1） 独头戒戒面较窄款、带有一粒石的最大改到6个号。（所有货品都不能超过6个号，如超过6个号需下单订做。\r\n（2） 戒臂带碎钻及独头戒');
INSERT INTO `shop_gdetail` VALUES ('8', '8', '553996658bf34.jpg', '553996658c46a.jpg', '553996658c9ac.jpg', '553996658d03d.jpg', 'NRL226413Y1H850', '18K黄金 金重：3.51G 宝石：五色彩色宝石 总石重：2.28CT', '中国深圳', '源自自然的灵感和色彩融合于清新别致的设计之中，绚丽耀目又兼具亲和力，令人为之心动。花朵型彩色宝石，仿佛染上彩虹色彩的花仙子，从天上飘落，经过ENZO设计师精心设计，重现彩虹般的自然神韵。多刻面顶级宝石闪烁着迷人色彩，更加彰显佩戴者自信迷人的风采。', 'ENZO贴心售后服务及注意事项\r\n1. ENZO提供永久免费清洗、翻新、抛光、焊接、刻字、松石问题等服务。\r\n2. 不接受非公司的货品维修；\r\n3. 赠品一般不接受维修。\r\n4. 改手寸范围及注意事项：\r\n首次改手寸，改小或改大3个号内免费，改大4个号收￥100、改大5个号收￥200按原手寸号为准，以此类推且不建议第二次改手寸，同时要参考以下不同商品改手寸规定的范围。\r\n（1） 独头戒戒面较窄款、带有一粒石的最大改到6个号。（所有货品都不能超过6个号，如超过6个号需下单订做。\r\n（2） 戒臂带碎钻及独头戒');
INSERT INTO `shop_gdetail` VALUES ('9', '9', '5539974d30241.jpg', '5539974d306ea.jpg', '5539974d30b14.jpg', '5539974d30f43.jpg', 'NP6000947W0NACI', '9K白金 金重：1.21G 宝石：黃晶 总石重：0.2CT', '中国深圳', 'ENZO以圆/心形、蝴蝶、花、星、月等流行元素为设计灵感，演绎混搭潮流.小巧、精致、注重细节及色彩的搭配，让追求“百变”的你可以随心所欲闪耀最自信的自我！ Mix &amp; Match，都市混搭风，发现不一样的自己！', 'ENZO贴心售后服务及注意事项\r\n1. ENZO提供永久免费清洗、翻新、抛光、焊接、刻字、松石问题等服务。\r\n2. 不接受非公司的货品维修；\r\n3. 赠品一般不接受维修。\r\n4. 改手寸范围及注意事项：\r\n首次改手寸，改小或改大3个号内免费，改大4个号收￥100、改大5个号收￥200按原手寸号为准，以此类推且不建议第二次改手寸，同时要参考以下不同商品改手寸规定的范围。');
INSERT INTO `shop_gdetail` VALUES ('10', '10', '553997d73eda9.jpg', '553997d73f2bc.jpg', '553997d73f6bc.jpg', '553997d73fb7b.jpg', 'NP6000947W0BZGA', '9K白金 金重：1.23G 宝石：石榴石 总石重：0.31CT', '中国深圳', 'ENZO以圆/心形、蝴蝶、花、星、月等流行元素为设计灵感，演绎混搭潮流.小巧、精致、注重细节及色彩的搭配，让追求“百变”的你可以随心所欲闪耀最自信的自我！ Mix &amp; Match，都市混搭风，发现不一样的自己！', 'ENZO贴心售后服务及注意事项\r\n1. ENZO提供永久免费清洗、翻新、抛光、焊接、刻字、松石问题等服务。\r\n2. 不接受非公司的货品维修；\r\n3. 赠品一般不接受维修。\r\n4. 改手寸范围及注意事项：\r\n首次改手寸，改小或改大3个号内免费，改大4个号收￥100、改大5个号收￥200按原手寸号为准，以此类推且不建议第二次改手寸，同时要参考以下不同商品改手寸规定的范围。');
INSERT INTO `shop_gdetail` VALUES ('11', '12', '55399920df74a.jpg', '55399920dfe07.JPG', '55399920e0451.jpg', '55399920e099e.jpg', 'NR6001016Y1NACI', '8K黄金 金重：4.04G 宝石：黃晶 总石重：3.23CT', '中国深圳', '彩虹落下的地方, 看见鲜艳夺目的花朵;花语系列以各种花的形态或其獨特的元素作为设计靈感;每一种花都有其独突的形态, 比如花瓣/ 花形/ 叶子等, 设计师根据各种花的独特形态, 将其融入到设计中,除了形态, 每一种花都有带有特别的喻意, 称之为 “花语”； 此系列将不同的花语藉珠宝设计表达出来,展现出诗情画意的园林面貌，感受大自然的美妙,用花的灵感来展现出各种彩色宝石的曼妙身姿.', 'ENZO贴心售后服务及注意事项\r\n1. ENZO提供永久免费清洗、翻新、抛光、焊接、刻字、松石问题等服务。\r\n2. 不接受非公司的货品维修；\r\n3. 赠品一般不接受维修。\r\n4. 改手寸范围及注意事项：\r\n首次改手寸，改小或改大3个号内免费，改大4个号收￥100、改大5个号收￥200按原手寸号为准，以此类推且不建议第二次改手寸，同时要参考以下不同商品改手寸规定的范围。');
INSERT INTO `shop_gdetail` VALUES ('12', '13', '553999ab55c13.jpg', '553999ab56118.jpg', '553999ab566e9.jpg', '553999ab56bbb.jpg', 'NE0012748Y1NAAM', '18K黄金 金重：1.61G 宝石：紫晶 总石重：1.95CT', '中国深圳', 'ENZO秉承“Rich Color，Rich Life”的理念，亦有打破传统追求个性的深意。珍稀的宝石，独特的款式都能根据你的爱好随意搭配。芭蕾女孩，精灵般跳跃在你的耳畔、胸前和指尖，俏皮灵动，激情活力，无时不在感染你感受生命的多彩，坚定追逐梦想的步伐。', 'ENZO贴心售后服务及注意事项\r\n1. ENZO提供永久免费清洗、翻新、抛光、焊接、刻字、松石问题等服务。\r\n2. 不接受非公司的货品维修；\r\n3. 赠品一般不接受维修。\r\n4. 改手寸范围及注意事项：\r\n首次改手寸，改小或改大3个号内免费，改大4个号收￥100、改大5个号收￥200按原手寸号为准，以此类推且不建议第二次改手寸，同时要参考以下不同商品改手寸规定的范围。');
INSERT INTO `shop_gdetail` VALUES ('13', '14', '55399a143a045.jpg', '55399a143c1d0.jpg', '55399a143ca4f.jpg', '55399a143d2b4.jpg', 'NP6001014W1BLTP', '18K白金 金重：3.22G 宝石：托帕石 总石重：4.21CT', '中国深圳', '彩虹落下的地方, 看见鲜艳夺目的花朵;花语系列以各种花的形态或其獨特的元素作为设计靈感;每一种花都有其独突的形态, 比如花瓣/ 花形/ 叶子等, 设计师根据各种花的独特形态, 将其融入到设计中,除了形态, 每一种花都有带有特别的喻意, 称之为 “花语”； 此系列将不同的花语藉珠宝设计表达出来,展现出诗情画意的园林面貌，感受大自然的美妙,用花的灵感来展现出各种彩色宝石的曼妙身姿.', 'ENZO贴心售后服务及注意事项\r\n1. ENZO提供永久免费清洗、翻新、抛光、焊接、刻字、松石问题等服务。\r\n2. 不接受非公司的货品维修；\r\n3. 赠品一般不接受维修。\r\n4. 改手寸范围及注意事项：\r\n首次改手寸，改小或改大3个号内免费，改大4个号收￥100、改大5个号收￥200按原手寸号为准，以此类推且不建议第二次改手寸，同时要参考以下不同商品改手寸规定的范围。');
INSERT INTO `shop_gdetail` VALUES ('14', '15', '55399a78cf392.jpg', '55399a78cfa7d.jpg', '55399a78d000b.jpg', '55399a78d05ad.jpg', 'NP6001015Y1MACI', '18K黄金 金重：2.65G 宝石：黄晶 总石重：2.79CT', '中国深圳', '彩虹落下的地方, 看见鲜艳夺目的花朵;花语系列以各种花的形态或其獨特的元素作为设计靈感;每一种花都有其独突的形态, 比如花瓣/ 花形/ 叶子等, 设计师根据各种花的独特形态, 将其融入到设计中,除了形态, 每一种花都有带有特别的喻意, 称之为 “花语”； 此系列将不同的花语藉珠宝设计表达出来,展现出诗情画意的园林面貌，感受大自然的美妙,用花的灵感来展现出各种彩色宝石的曼妙身姿.', 'ENZO贴心售后服务及注意事项\r\n1. ENZO提供永久免费清洗、翻新、抛光、焊接、刻字、松石问题等服务。\r\n2. 不接受非公司的货品维修；\r\n3. 赠品一般不接受维修。\r\n4. 改手寸范围及注意事项：\r\n首次改手寸，改小或改大3个号内免费，改大4个号收￥100、改大5个号收￥200按原手寸号为准，以此类推且不建议第二次改手寸，同时要参考以下不同商品改手寸规定的范围。');
INSERT INTO `shop_gdetail` VALUES ('15', '16', '55399b13d765b.jpg', '55399b13d7c51.jpg', '55399b13d81be.jpg', '55399b13d8853.jpg', 'NP6000434Y4I01302', '14K黄金 金重：1.23G 宝石：双色彩色宝石 总石重：2.28CT', '中国深圳', '鸳鸯的色彩盛满满满的心意虽然含蓄，深情款款的爱却在彼此懂得中完美表达。\r\n诚挚的关爱是它的情感灵魂，亲人间的温情，闺蜜间的纯真友谊随着宝石的光芒永远相随随依。\r\n简约却不失精致，前沿时尚的流行色彩元素，一款有故事的珠宝，点睛追求完美品位的你。', 'ENZO贴心售后服务及注意事项\r\n1. ENZO提供永久免费清洗、翻新、抛光、焊接、刻字、松石问题等服务。\r\n2. 不接受非公司的货品维修；\r\n3. 赠品一般不接受维修。\r\n4. 改手寸范围及注意事项：\r\n首次改手寸，改小或改大3个号内免费，改大4个号收￥100、改大5个号收￥200按原手寸号为准，以此类推且不建议第二次改手寸，同时要参考以下不同商品改手寸规定的范围');
INSERT INTO `shop_gdetail` VALUES ('17', '18', '5539a28a6ea9f.jpg', '5539a28a6ef4f.jpg', '5539a28a6f524.jpg', '5539a28a6faf8.jpg', 'NP6001019R1NAAM', '18K玫瑰金 金重：2.15G 宝石：紫晶 总石重：1.76CT', '中国深圳', '彩虹落下的地方, 看见鲜艳夺目的花朵;花语系列以各种花的形态或其獨特的元素作为设计靈感;每一种花都有其独突的形态, 比如花瓣/ 花形/ 叶子等, 设计师根据各种花的独特形态, 将其融入到设计中,除了形态, 每一种花都有带有特别的喻意, 称之为 “花语”； 此系列将不同的花语藉珠宝设计表达出来,展现出诗情画意的园林面貌，感受大自然的美妙,用花的灵感来展现出各种彩色宝石的曼妙身姿.', 'ENZO贴心售后服务及注意事项\r\n1. ENZO提供永久免费清洗、翻新、抛光、焊接、刻字、松石问题等服务。\r\n2. 不接受非公司的货品维修；\r\n3. 赠品一般不接受维修。\r\n4. 改手寸范围及注意事项：\r\n首次改手寸，改小或改大3个号内免费，改大4个号收￥100、改大5个号收￥200按原手寸号为准，以此类推且不建议第二次改手寸，同时要参考以下不同商品改手寸规定的范围。');
INSERT INTO `shop_gdetail` VALUES ('18', '19', '5539a361204f0.jpg', '5539a361209c7.jpg', '5539a361210e9.jpg', '5539a3612164c.jpg', 'NR6000359Y0BZGA', '10K黄金 金重：1.23G 宝石：石榴石 总石重：0.59CT', '中国深圳', '一个个俏皮可爱的精灵，天真烂漫,彼此依偎、缠绕，任由你指间把玩,演绎着你前所未见得生命角色,享受环环相扣的混搭乐趣,让指间恣意跳动的音符,随时随地地唱出个性自我.', 'ENZO贴心售后服务及注意事项\r\n1. ENZO提供永久免费清洗、翻新、抛光、焊接、刻字、松石问题等服务。\r\n2. 不接受非公司的货品维修；\r\n3. 赠品一般不接受维修。\r\n4. 改手寸范围及注意事项：\r\n首次改手寸，改小或改大3个号内免费，改大4个号收￥100、改大5个号收￥200按原手寸号为准，以此类推且不建议第二次改手寸，同时要参考以下不同商品改手寸规定的范围。');
INSERT INTO `shop_gdetail` VALUES ('19', '20', '5539a4c5653e8.jpg', '5539a4c565bbf.jpg', '5539a4c56635c.jpg', '5539a4c566b73.jpg', 'S02GC0167N20597100', '96% 粘纤，4% 氨纶', '土耳其', '百搭款T恤，清爽的颜色搭配经典的动物印花，个性帅气。', '手洗，最高洗涤温度：40℃\r\n不可漂白，平摊晾干\r\n熨斗底板最高温度110°C\r\n使用四氯乙烯和符号F代表的所有溶剂的专业干洗');
INSERT INTO `shop_gdetail` VALUES ('20', '21', '5539a53b1477f.jpg', '5539a53b1520c.jpg', '5539a53b15a57.jpg', '5539a53b1637a.jpg', 'S02KA0100N37392520S', '96% 粘纤，4% 氨纶', '意大利', '九分小微喇铅笔裤，舒适硬挺的面料搭配亮丽的印花，不仅可以很好的修饰腿型又展现不一样的女性美。', '不可水洗，不可漂白\r\n不可翻转，干燥\r\n熨斗底板最高温度110°C\r\n使用四氯乙烯和符号F代表的所有溶剂的专业干洗，缓和干洗');
INSERT INTO `shop_gdetail` VALUES ('21', '22', '5539a5c73fc6f.jpg', '5539a5c7405e5.jpg', '5539a5c740e7d.jpg', '5539a5c741cf8.jpg', 'S02AM0113N37370905', '面料1：100% 棉 涂层:100% 聚氨酯；面料2：100% 聚酯纤维', '意大利', '双面穿，银色涂层带入未来时空，贴合近年大热的科幻片，让你整个夏季秀出不同的个性。', '手洗，最高洗涤温度：40℃\r\n不可漂白，不可翻转干燥\r\n不可干洗');
INSERT INTO `shop_gdetail` VALUES ('22', '23', '5539a6777fbec.jpg', '5539a677802a8.jpg', '5539a677808ef.jpg', '5539a67780eed.jpg', 'S02DL0119N37371100', '面料1：100% 棉；面料2：100% 棉', '意大利', '白色镂空衬衫，隐隐透出小性感，前片的荷叶边设计又有小女孩的甜美，适合多场合穿着。', '不可水洗，不可漂白\r\n不可翻转，干燥\r\n熨斗底板最高温度110°C\r\n使用四氯乙烯和符号F代表的所有溶剂的专业干洗，缓和干洗');
INSERT INTO `shop_gdetail` VALUES ('23', '24', '5539a78dafc05.jpg', '5539a78db0c80.jpg', '5539a78db1d0f.jpg', '5539a78db2f6b.jpg', 'S02GC0155N20543100', '96% 棉，4% 氨纶', '土耳其', '修身版T恤，简单易搭配，是每季必不可少的搭配单品。', '最高洗涤温度：30℃\r\n不可漂白，不可翻转干燥\r\n熨斗底板最高温度110°C\r\n不可干洗');
INSERT INTO `shop_gdetail` VALUES ('24', '25', '5539a90f86ef7.jpg', '5539a90f878dc.jpg', '5539a90f87ef8.jpg', '5539a90f88456.jpg', 'S02HA0162N14363900', '100% 粘纤', '意大利', '万能百搭款针织外套，简单百搭，轻薄的设计适合不同的场合。', '手洗，最高洗涤温度：40℃\r\n不可漂白，平摊晾干\r\n熨斗底板最高温度110°C\r\n使用四氯乙烯和符号F代表的所有溶剂的专业干洗\r\n\r\n售后与三包说明');
INSERT INTO `shop_gdetail` VALUES ('25', '26', '5539aae2de4a8.jpg', '5539aae2de9b7.jpg', '5539aae2dee94.jpg', '5539aae2df3c3.jpg', 'SF133K0106458', '羊皮', '广东东莞', '置身于科技胶囊里富含霓虹光感的派对，绚丽的七彩牛皮作为整系列的重点元素，展现出科技霓虹的五光十色，也代表了女性风情万种的一面，是漆黑中醒目耀眼的梦幻缪思。', '1.注意皮革保养，勤擦鞋油，经常用同色系的鞋油擦拭，磨砂皮，鹿皮，鸵鸟皮等切勿湿水，不宜用鞋油。\r\n2.避免在雨天，运动，登山，雪地，沙地，湿滑地面及摩托车开车时使用。\r\n3.本产品切忌暴晒，雨淋，水洗，重压，碰刮及接触化学液体。\r\n4.鞋上的所有金属配件，需要用干布抹拭，如放置在潮湿及盐分高的环境下会造成氧化。\r\n5.若鞋子出现泛白，冒盐霜等现象，均可用轻质布沾上白醋擦除白霜，晾干涂上鞋油即可。\r\n6.若鞋子弄湿了，应用干布吸去鞋子的水份放在阴凉处让鞋子自然风干');
INSERT INTO `shop_gdetail` VALUES ('26', '27', '5539ab5789c5a.jpg', '5539ab578ac34.jpg', '5539ab578b92f.jpg', '5539ab578c4a6.jpg', 'SF133L0106489', '牛皮', '', '置身于科技胶囊里富含霓虹光感的派对，绚丽的七彩牛皮作为整系列的重点元素，展现出科技霓虹的五光十色，也代表了女性风情万种的一面，是漆黑中醒目耀眼的梦幻缪思。', '1.注意皮革保养，勤擦鞋油，经常用同色系的鞋油擦拭，磨砂皮，鹿皮，鸵鸟皮等切勿湿水，不宜用鞋油。\r\n2.避免在雨天，运动，登山，雪地，沙地，湿滑地面及摩托车开车时使用。\r\n3.本产品切忌暴晒，雨淋，水洗，重压，碰刮及接触化学液体。\r\n4.鞋上的所有金属配件，需要用干布抹拭，如放置在潮湿及盐分高的环境下会造成氧化。\r\n5.若鞋子出现泛白，冒盐霜等现象，均可用轻质布沾上白醋擦除白霜，晾干涂上鞋油即可。\r\n6.若鞋子弄湿了，应用干布吸去鞋子的水份放在阴凉处让鞋子自然风干。');
INSERT INTO `shop_gdetail` VALUES ('27', '28', '5539ad31c7258.jpg', '5539ad31c78fa.jpg', '5539ad31c7ebb.jpg', '5539ad31c8402.jpg', 'SF160L0102401', '牛皮', '广东东莞', '大胆的用色与夺目的细节，STELLA LUNA 将艺术幻化为灵感，在绮丽的五光十色中展现女性风情万种的一面', '1.注意皮革保养，勤擦鞋油，经常用同色系的鞋油擦拭，磨砂皮，鹿皮，鸵鸟皮等切勿湿水，不宜用鞋油。\r\n2.避免在雨天，运动，登山，雪地，沙地，湿滑地面及摩托车开车时使用。\r\n3.本产品切忌暴晒，雨淋，水洗，重压，碰刮及接触化学液体。\r\n4.鞋上的所有金属配件，需要用干布抹拭，如放置在潮湿及盐分高的环境下会造成氧化。\r\n5.若鞋子出现泛白，冒盐霜等现象，均可用轻质布沾上白醋擦除白霜，晾干涂上鞋油即可。\r\n6.若鞋子弄湿了，应用干布吸去鞋子的水份放在阴凉处让鞋子自然风干。');
INSERT INTO `shop_gdetail` VALUES ('28', '29', '5539ad9942518.jpg', '5539ad9942933.jpg', '5539ad9942cfe.jpg', '5539ad99430a5.jpg', '11510116A02065', '鞋面:牛皮 鞋底:美耐底', '中国', '低调轻盈的米色，搭配单色牛皮的低调演绎，精致优雅的尖头和纤细性感的细高跟组合，完美拉伸比列，铸造绰约风姿。', '光面真皮（牛皮、羊皮等）：正常清洁护理，需常使用皮革保养剂擦拭维持表面的光泽；\r\n磨砂皮、麂皮（真皮）：干燥状态下用生胶擦及麂皮专业清洁剂护理或专业护店护理，不宜擦鞋油；\r\n人造皮、漆皮：半干软布擦拭，漆皮可用专业的漆皮保养剂，不宜擦鞋油；\r\n珠光皮：软布擦拭干净后可用护手霜，润肤霜等擦拭保养；\r\n布料：送干洗或专业护理店护理；\r\n若是要自行清理，则需使用干净的毛巾以及特殊的清洁剂，尽量不要单独清洗某个区块，这样将会造成整个鞋子颜色不均匀');
INSERT INTO `shop_gdetail` VALUES ('29', '30', '5539ae0725dd4.jpg', '5539ae072634a.jpg', '5539ae07268d5.jpg', '5539ae0726c98.jpg', 'SF133L0102619', '牛皮', '广东东莞', '    置身于科技胶囊里富含霓虹光感的派对，绚丽的七彩牛皮作为重点元素，展现出科技霓虹的五光十色，也代表了女性风情万种的一面，是漆黑中醒目耀眼的梦幻繆思。\r\n\r\n清洁与保养\r\n\r\n售后与三包说明\r\n\r\n购买帮助\r\n\r\nSTELLA LUNA品牌主页\r\n\r\n品牌热销', '1.注意皮革保养，勤擦鞋油，经常用同色系的鞋油擦拭，磨砂皮，鹿皮，鸵鸟皮等切勿湿水，不宜用鞋油。\r\n2.避免在雨天，运动，登山，雪地，沙地，湿滑地面及摩托车开车时使用。\r\n3.本产品切忌暴晒，雨淋，水洗，重压，碰刮及接触化学液体。\r\n4.鞋上的所有金属配件，需要用干布抹拭，如放置在潮湿及盐分高的环境下会造成氧化。\r\n5.若鞋子出现泛白，冒盐霜等现象，均可用轻质布沾上白醋擦除白霜，晾干涂上鞋油即可。\r\n6.若鞋子弄湿了，应用干布吸去鞋子的水份放在阴凉处让鞋子自然风干。');
INSERT INTO `shop_gdetail` VALUES ('30', '31', '5539b4dca1d56.jpg', '5539b4dca20c3.jpg', '5539b4dca2391.jpg', '5539b4dca275c.jpg', 'CA91SR81Z9', '框架材质：金属，镜片材质：树脂', '中国', '反光镜片是这款眼镜的焦点所在，清爽的配色与轻盈的金属材质，完美缔造您独有的高尚品位和格调。', '1.双手摘戴防变形：双手摘戴眼镜，以避免镜腿外张导致佩戴不适。\r\n2.变形眼镜损视力：眼镜过一段时间就要来店做保养及检查调整，以确保您的眼镜时常清晰舒适。\r\n3.偏光眼镜要防晒：眼镜尤其是偏光太阳镜，请不要放在汽车挡风玻璃下，因那里温度会很高，容易导致镜片开胶。\r\n4.清洁眼镜先除尘：镜片脏时，请用中性洗洁精清洁，再用清水冲洗干净，最后用柔软的纸巾将水吸干。\r\n5.保护眼镜远高温：您的眼镜无论任何情况都应避免接触高温及化学试剂，如蒸桑拿时甚至洗澡时都不能带着眼镜进浴室。否则很容易造成镜片脱模（不加膜的镜片');
INSERT INTO `shop_gdetail` VALUES ('31', '32', '5539b5572d55c.jpg', '5539b5572d910.jpg', '5539b5572dc0f.jpg', '5539b5572e04b.jpg', 'CA5020SR80SQ', '框架材质：金属，镜片材质：树脂', '中国', '全新的金属材质与轻巧设计，提高了佩戴舒适度，搭配高调的配色与反光镜片，充满摩登都市感。', '1.双手摘戴防变形：双手摘戴眼镜，以避免镜腿外张导致佩戴不适。\r\n2.变形眼镜损视力：眼镜过一段时间就要来店做保养及检查调整，以确保您的眼镜时常清晰舒适。\r\n3.偏光眼镜要防晒：眼镜尤其是偏光太阳镜，请不要放在汽车挡风玻璃下，因那里温度会很高，容易导致镜片开胶。\r\n4.清洁眼镜先除尘：镜片脏时，请用中性洗洁精清洁，再用清水冲洗干净，最后用柔软的纸巾将水吸干。\r\n5.保护眼镜远高温：您的眼镜无论任何情况都应避免接触高温及化学试剂，如蒸桑拿时甚至洗澡时都不能带着眼镜进浴室。否则很容易造成镜片脱模（不加膜的镜片');
INSERT INTO `shop_gdetail` VALUES ('32', '33', '5539b5d553495.jpg', '5539b5d55381a.jpg', '5539b5d553b56.jpg', '5539b5d553e96.jpg', 'CA6000MT003T4', '框架材质：金属，镜片材质：树脂', '中国', '简约经典的框型设计搭乘低调的灰色镜片，呈现前卫、科幻的时尚风格，让您的造型更添酷感。', '1.双手摘戴防变形：双手摘戴眼镜，以避免镜腿外张导致佩戴不适。\r\n2.变形眼镜损视力：眼镜过一段时间就要来店做保养及检查调整，以确保您的眼镜时常清晰舒适。\r\n3.偏光眼镜要防晒：眼镜尤其是偏光太阳镜，请不要放在汽车挡风玻璃下，因那里温度会很高，容易导致镜片开胶。\r\n4.清洁眼镜先除尘：镜片脏时，请用中性洗洁精清洁，再用清水冲洗干净，最后用柔软的纸巾将水吸干。\r\n5.保护眼镜远高温：您的眼镜无论任何情况都应避免接触高温及化学试剂，如蒸桑拿时甚至洗澡时都不能带着眼镜进浴室。否则很容易造成镜片脱模（不加膜的镜片');
INSERT INTO `shop_gdetail` VALUES ('33', '34', '5539b64251895.jpg', '5539b64251e56.jpg', '5539b64252403.jpg', '5539b64252993.jpg', 'XCC92015U200', '棉100%', '意大利', '选用上乘面料和优质剪裁精心打造而成的白色衬衫，廓形简约，内搭外穿都能体现您干练大方的成熟气质。', '天然纤维（棉、丝光棉、麻、桑蚕丝、羊毛、羊毛面料）洗涤保养\r\n1：不可长时间暴晒，晒晾时需将里层翻出，不可长时间浸泡，不可拧干，不要与深色衣物一同浸泡洗涤，防湿、防霉、阴干、低温、中温熨烫。\r\n2：不可用硬刷刷洗，不可用力拧绞，避免太阳暴晒熨烫时需均匀洒水，可中温熨烫。\r\n3：水温30度以下，中性洗涤剂，随浸随洗，不可浸泡，不可机洗，只可轻轻揉洗，不可漂白，在阴凉处通风处晾干，不可拧干，针织类只可平摊晾干，避光折叠存放，注意防蛀反面低温、中温熨烫、洒水时需均匀。\r\n4：洗涤温度不可过高，忌用力搓洗及拧绞，');
INSERT INTO `shop_gdetail` VALUES ('34', '35', '5539b6abcbd55.jpg', '5539b6abcc2a4.jpg', '5539b6abcc87b.jpg', '5539b6abccd69.jpg', 'XCC92016U200', '棉100%', '意大利', '简约的廓形与修身精准的剪裁，让男士魁梧的身型展露无遗，糅合品牌享负盛名的精湛工艺，彰显简约低调的时尚气质。', '天然纤维（棉、丝光棉、麻、桑蚕丝、羊毛、羊毛面料）洗涤保养\r\n1：不可长时间暴晒，晒晾时需将里层翻出，不可长时间浸泡，不可拧干，不要与深色衣物一同浸泡洗涤，防湿、防霉、阴干、低温、中温熨烫。\r\n2：不可用硬刷刷洗，不可用力拧绞，避免太阳暴晒熨烫时需均匀洒水，可中温熨烫。\r\n3：水温30度以下，中性洗涤剂，随浸随洗，不可浸泡，不可机洗，只可轻轻揉洗，不可漂白，在阴凉处通风处晾干，不可拧干，针织类只可平摊晾干，避光折叠存放，注意防蛀反面低温、中温熨烫、洒水时需均匀。\r\n4：洗涤温度不可过高，忌用力搓洗及拧绞，');
INSERT INTO `shop_gdetail` VALUES ('35', '36', '5539b7128a5d6.jpg', '5539b7128ab66.jpg', '5539b7128b09c.jpg', '5539b7128b5ae.jpg', 'XCC92013U200', '棉100%', '意大利', '清新洁净的绿色，配合舒适的剪裁与轻柔的面料，非常适于您在春夏时节穿着，为平日造型增添生气与活力。', '天然纤维（棉、丝光棉、麻、桑蚕丝、羊毛、羊毛面料）洗涤保养\r\n1：不可长时间暴晒，晒晾时需将里层翻出，不可长时间浸泡，不可拧干，不要与深色衣物一同浸泡洗涤，防湿、防霉、阴干、低温、中温熨烫。\r\n2：不可用硬刷刷洗，不可用力拧绞，避免太阳暴晒熨烫时需均匀洒水，可中温熨烫。\r\n3：水温30度以下，中性洗涤剂，随浸随洗，不可浸泡，不可机洗，只可轻轻揉洗，不可漂白，在阴凉处通风处晾干，不可拧干，针织类只可平摊晾干，避光折叠存放，注意防蛀反面低温、中温熨烫、洒水时需均匀。\r\n4：洗涤温度不可过高，忌用力搓洗及拧绞，');
INSERT INTO `shop_gdetail` VALUES ('36', '37', '5539b77a338f6.jpg', '5539b77a3404c.jpg', '5539b77a34777.jpg', '5539b77a34e47.jpg', 'XCC92010U200', '棉100%', '意大利', '红白格纹作为经典的设计元素，能为男士演绎出轻松时尚的休闲格调。百分百的纯棉面料赋予了这款衬衫轻薄贴身的质感，让您在穿着时倍感舒爽。', '天然纤维（棉、丝光棉、麻、桑蚕丝、羊毛、羊毛面料）洗涤保养\r\n1：不可长时间暴晒，晒晾时需将里层翻出，不可长时间浸泡，不可拧干，不要与深色衣物一同浸泡洗涤，防湿、防霉、阴干、低温、中温熨烫。\r\n2：不可用硬刷刷洗，不可用力拧绞，避免太阳暴晒熨烫时需均匀洒水，可中温熨烫。\r\n3：水温30度以下，中性洗涤剂，随浸随洗，不可浸泡，不可机洗，只可轻轻揉洗，不可漂白，在阴凉处通风处晾干，不可拧干，针织类只可平摊晾干，避光折叠存放，注意防蛀反面低温、中温熨烫、洒水时需均匀。\r\n4：洗涤温度不可过高，忌用力搓洗及拧绞，');
INSERT INTO `shop_gdetail` VALUES ('37', '38', '5539b7ddd67f2.jpg', '5539b7ddd6ec0.jpg', '5539b7ddd7468.jpg', '5539b7ddd79e4.jpg', 'XCC92013U200', '棉100%', '意大利', '清新洁净的绿色，配合舒适的剪裁与轻柔的面料，非常适于您在春夏时节穿着，为平日造型增添生气与活力。', '天然纤维（棉、丝光棉、麻、桑蚕丝、羊毛、羊毛面料）洗涤保养\r\n1：不可长时间暴晒，晒晾时需将里层翻出，不可长时间浸泡，不可拧干，不要与深色衣物一同浸泡洗涤，防湿、防霉、阴干、低温、中温熨烫。\r\n2：不可用硬刷刷洗，不可用力拧绞，避免太阳暴晒熨烫时需均匀洒水，可中温熨烫。\r\n3：水温30度以下，中性洗涤剂，随浸随洗，不可浸泡，不可机洗，只可轻轻揉洗，不可漂白，在阴凉处通风处晾干，不可拧干，针织类只可平摊晾干，避光折叠存放，注意防蛀反面低温、中温熨烫、洒水时需均匀。\r\n4：洗涤温度不可过高，忌用力搓洗及拧绞，');
INSERT INTO `shop_gdetail` VALUES ('38', '39', '5539ba884e36c.jpg', '5539ba884e8fc.jpg', '5539ba884edea.jpg', '5539ba884f2a8.jpg', '62M1419', '70%山羊绒；30%桑蚕丝；配料材质：牛皮革', '意大利', '简约polo领设计搭配上乘的山羊绒蚕丝混纺面料，展现低调的奢华与男士的儒雅风范。\r\n优质的面料搭配精致的做工，触感柔和细腻，带来舒适的穿着体验，更适合贴身穿着。\r\n袖口与下摆的螺纹收口设计添加御寒功能。\r\n下摆处精致皮质椭圆形灵缇logo，完美呈现品牌的经典、低调风格。', '手洗不可机洗，不可漂白，平摊晾干，低温熨烫(110℃)，缓和干洗。');
INSERT INTO `shop_gdetail` VALUES ('39', '40', '5539bb0351f37.jpg', '5539bb035293d.jpg', '5539bb035338f.jpg', '5539bb0353ba4.jpg', '32M2619', '45%羊毛，25%粘纤，25%锦纶，5%山羊绒', '乌克兰', 'Trussardi经典挪威提花图案搭配优质羊毛羊绒混纺面料，舒适保暖的同时不失时尚感。经典的圆形领型，搭配简约版型设计及螺纹袖口、下摆收口，凸显男士的利落干练。羊毛羊绒混纺的材质搭配精湛的工艺，触感柔软舒适，带来随性自然的穿着体验。', '手洗不可机洗，不可漂白，平摊晾干，低温熨烫(110℃)，缓和干洗。');
INSERT INTO `shop_gdetail` VALUES ('40', '41', '5539bb5bcf177.jpg', '5539bb5bcfe7d.jpg', '5539bb5bd0ec1.jpg', '5539bb5bd14df.jpg', 'XM6480000XX2144414M03', '面料:65%棉；35%聚酯纤维', '土耳其', '沉稳内敛的灰色是彰显男士气质的不二之选，而这款套衫胸口的拉链和肩膀的拼贴补丁更成为点睛之笔，为整体造型增添简洁而不凡的细节。搭配深色长裤，即可演绎摩登的休闲风格。', '最高水温30℃，缓和程序洗涤，不可漂白 ，不可烘干，低温熨烫最高 110°C，不可干洗');
INSERT INTO `shop_gdetail` VALUES ('41', '42', '5539bbda4303b.jpg', '5539bbda43f66.jpg', '5539bbda44731.jpg', '5539bbda45353.jpg', '32M57218', '100%羊毛', '意大利', 'Trussardi经典领带印花搭配优质纯羊毛面料，舒适保暖的同时不失时尚感。经典的圆形领型，搭配简约版型设计及螺纹袖口、下摆收口，凸显男士的利落干练。100%超细美利奴羊毛的材质搭配精湛的工艺，带来自然舒适的穿着体验。', '手洗不可机洗，不可漂白，平摊晾干，低温熨烫(110℃)，缓和干洗。');
INSERT INTO `shop_gdetail` VALUES ('42', '43', '5539bc4ae751a.jpg', '5539bc4ae7d2a.jpg', '5539bc4ae8522.jpg', '5539bc4ae8c7d.jpg', '32M57144', '100%羊毛', '意大利', 'Trussardi经典领带印花搭配优质纯羊毛面料，舒适保暖的同时不失时尚感。经典的圆形领型，搭配简约版型设计及螺纹袖口、下摆收口，凸显男士的利落干练。100%超细美利奴羊毛的材质搭配精湛的工艺，带来自然舒适的穿着体验。', '手洗不可机洗，不可漂白，平摊晾干，低温熨烫(110℃)，缓和干洗。');
INSERT INTO `shop_gdetail` VALUES ('43', '44', '5539c2a96358d.jpg', '5539c2a963a25.jpg', '5539c2a963f5c.jpg', '5539c2a96434d.jpg', '43420103A02065', '牛皮', '罗马尼亚', '精致的皮质编织金属装饰扣，叠加华丽的烫金Logo字母点缀，采用经典的长款拉链设计，凸显出简约奢华的作风。拉链包款安全隐蔽，包内多卡位的贴心设计满足你的日常生活所需，休闲不乏精致魅力。', '光面真皮（牛皮、羊皮等）：正常清洁护理，需常使用皮革保养剂擦拭维持表面的光泽；\r\n磨砂皮、麂皮（真皮）：干燥状态下用生胶擦及麂皮专业清洁剂护理或专业护店护理，不宜擦鞋油；\r\n人造皮、漆皮：半干软布擦拭，漆皮可用专业的漆皮保养剂，不宜擦鞋油；\r\n珠光皮：软布擦拭干净后可用护手霜，润肤霜等擦拭保养；\r\n布料：送干洗或专业护理店护理；\r\n若是要自行清理，则需使用干净的毛巾以及特殊的清洁剂，尽量不要单独清洗某个区块，这样将会造成整个鞋子颜色不均匀');
INSERT INTO `shop_gdetail` VALUES ('44', '45', '5539c32f77b9b.jpg', '5539c32f78417.jpg', '5539c32f78b28.jpg', '5539c32f79316.jpg', '44420113100001', 'PU/牛皮', '中国', '采购优质的进口皮料，巧妙的运用色彩，以呈现出很强的视觉撞色效果，搭配立体金属logo字母，在彰显时尚个性的同时，也能带来更有趣的视觉享受，凸显其特有的魅力。', '光面真皮（牛皮、羊皮等）：正常清洁护理，需常使用皮革保养剂擦拭维持表面的光泽；\r\n磨砂皮、麂皮（真皮）：干燥状态下用生胶擦及麂皮专业清洁剂护理或专业护店护理，不宜擦鞋油；\r\n人造皮、漆皮：半干软布擦拭，漆皮可用专业的漆皮保养剂，不宜擦鞋油；\r\n珠光皮：软布擦拭干净后可用护手霜，润肤霜等擦拭保养；\r\n布料：送干洗或专业护理店护理；\r\n若是要自行清理，则需使用干净的毛巾以及特殊的清洁剂，尽量不要单独清洗某个区块，这样将会造成整个鞋子颜色不均匀');
INSERT INTO `shop_gdetail` VALUES ('45', '46', '5539c3aa80cdb.jpg', '5539c3aa81a0d.jpg', '5539c3aa825af.jpg', '5539c3aa82ae7.jpg', '43430103100090', '牛皮+PU', '摩洛哥', '采购优质的进口皮料，巧妙的运用色彩，以呈现出很强的视觉撞色效果，搭配立体条形金属logo，彰显其特有的时尚个性魅力。', '光面真皮（牛皮、羊皮等）：正常清洁护理，需常使用皮革保养剂擦拭维持表面的光泽；\r\n磨砂皮、麂皮（真皮）：干燥状态下用生胶擦及麂皮专业清洁剂护理或专业护店护理，不宜擦鞋油；\r\n人造皮、漆皮：半干软布擦拭，漆皮可用专业的漆皮保养剂，不宜擦鞋油；\r\n珠光皮：软布擦拭干净后可用护手霜，润肤霜等擦拭保养；\r\n布料：送干洗或专业护理店护理；\r\n若是要自行清理，则需使用干净的毛巾以及特殊的清洁剂，尽量不要单独清洗某个区块，这样将会造成整个鞋子颜色不均匀。');
INSERT INTO `shop_gdetail` VALUES ('46', '47', '5539c413b5e7f.jpg', '5539c413b6540.jpg', '5539c413b6f90.jpg', '5539c413b72dd.jpg', '43430104100090', '蛇皮+牛皮', '保加利亚', '采用高档的蛇皮牛皮材质完美拼接，加上黑色编织带装饰，典雅大气 ，彰显JB品牌精美的时尚魅力', '光面真皮（牛皮、羊皮等）：正常清洁护理，需常使用皮革保养剂擦拭维持表面的光泽；\r\n磨砂皮、麂皮（真皮）：干燥状态下用生胶擦及麂皮专业清洁剂护理或专业护店护理，不宜擦鞋油；\r\n人造皮、漆皮：半干软布擦拭，漆皮可用专业的漆皮保养剂，不宜擦鞋油；\r\n珠光皮：软布擦拭干净后可用护手霜，润肤霜等擦拭保养；\r\n布料：送干洗或专业护理店护理；\r\n若是要自行清理，则需使用干净的毛巾以及特殊的清洁剂，尽量不要单独清洗某个区块，这样将会造成整个鞋子颜色不均匀。');
INSERT INTO `shop_gdetail` VALUES ('47', '48', '5539c47d33153.jpg', '5539c47d336da.jpg', '5539c47d33c73.jpg', '5539c47d3418a.jpg', '44420114100001', 'PU/牛皮', '中国', '采购优质的进口皮料，巧妙的运用色彩，以呈现出很强的视觉撞色效果，搭配立体金属logo字母，在彰显时尚个性的同时，也能带来更有趣的视觉享受，凸显其特有的魅力。', '光面真皮（牛皮、羊皮等）：正常清洁护理，需常使用皮革保养剂擦拭维持表面的光泽；\r\n磨砂皮、麂皮（真皮）：干燥状态下用生胶擦及麂皮专业清洁剂护理或专业护店护理，不宜擦鞋油；\r\n人造皮、漆皮：半干软布擦拭，漆皮可用专业的漆皮保养剂，不宜擦鞋油；\r\n珠光皮：软布擦拭干净后可用护手霜，润肤霜等擦拭保养；\r\n布料：送干洗或专业护理店护理；\r\n若是要自行清理，则需使用干净的毛巾以及特殊的清洁剂，尽量不要单独清洗某个区块，这样将会造成整个鞋子颜色不均匀');
INSERT INTO `shop_gdetail` VALUES ('48', '50', '5539c5667b90d.jpg', '5539c5667c2c0.jpg', '5539c5667c8de.jpg', '5539c5667cf01.jpg', '43430103100180', '牛皮+PU', '摩洛哥', '采购优质的进口皮料，巧妙的运用色彩，以呈现出很强的视觉撞色效果，搭配立体条形金属logo，彰显其特有的时尚个性魅力。', '光面真皮（牛皮、羊皮等）：正常清洁护理，需常使用皮革保养剂擦拭维持表面的光泽；\r\n磨砂皮、麂皮（真皮）：干燥状态下用生胶擦及麂皮专业清洁剂护理或专业护店护理，不宜擦鞋油；\r\n人造皮、漆皮：半干软布擦拭，漆皮可用专业的漆皮保养剂，不宜擦鞋油；\r\n珠光皮：软布擦拭干净后可用护手霜，润肤霜等擦拭保养；\r\n布料：送干洗或专业护理店护理；\r\n若是要自行清理，则需使用干净的毛巾以及特殊的清洁剂，尽量不要单独清洗某个区块，这样将会造成整个鞋子颜色不均匀。');
INSERT INTO `shop_gdetail` VALUES ('49', '51', '553f5306c0ea4.jpg', '553f531def693.jpg', '553f5306c1787.jpg', '553f5306c20d3.jpg', 'aa', 'aa', 'aa', 'aaa ', 'aaa ');

-- ----------------------------
-- Table structure for shop_goods
-- ----------------------------
DROP TABLE IF EXISTS `shop_goods`;
CREATE TABLE `shop_goods` (
  `goods_id` int(10) unsigned NOT NULL AUTO_INCREMENT,
  `goods_typeid` varchar(64) COLLATE utf8_bin NOT NULL,
  `goods_goods` varchar(32) COLLATE utf8_bin NOT NULL,
  `goods_company` varchar(50) COLLATE utf8_bin NOT NULL,
  `goods_descr` text COLLATE utf8_bin NOT NULL,
  `goods_price` double(6,2) NOT NULL,
  `goods_picname` varchar(255) CHARACTER SET latin1 NOT NULL,
  `goods_picname2` varchar(255) COLLATE utf8_bin NOT NULL,
  `goods_state` tinyint(1) NOT NULL,
  `goods_store` int(10) unsigned NOT NULL,
  `goods_num` int(10) unsigned NOT NULL,
  `goods_clicknum` int(10) unsigned NOT NULL,
  `goods_addtime` int(10) unsigned NOT NULL,
  PRIMARY KEY (`goods_id`)
) ENGINE=InnoDB AUTO_INCREMENT=52 DEFAULT CHARSET=utf8 COLLATE=utf8_bin;

-- ----------------------------
-- Records of shop_goods
-- ----------------------------
INSERT INTO `shop_goods` VALUES ('1', '女士', '女款紫色丝绒太阳镜', 'Ray Ban ', 0xE5A5B3E6ACBEE7B4ABE889B2E4B89DE7BB92E5A4AAE998B3E9959C20, '1280.00', '553740b66a6bd.jpg', '553740b66a9fe.jpg', '1', '1102', '7', '63', '1430126728');
INSERT INTO `shop_goods` VALUES ('2', '男士', '男款玳瑁色太阳镜', 'Ray Ban', 0xE794B7E6ACBEE78EB3E79181E889B2E5A4AAE998B3E9959C, '990.00', '55374fb542a3c.jpg', '55374fb542dd7.jpg', '1', '439', '5', '46', '1429688245');
INSERT INTO `shop_goods` VALUES ('3', '男士衬衫', '男款白色印花衬衫', 'Just cavalli', 0xE794B7E6ACBEE799BDE889B2E58DB0E88AB1E8A1ACE8A1AB, '4000.00', '553938213bd00.jpg', '553938213c4c5.jpg', '1', '546', '7', '32', '1429813281');
INSERT INTO `shop_goods` VALUES ('4', '男士衬衫', '男款印花衬衫', 'Just cavalli', 0xE794B7E6ACBEE58DB0E88AB1E8A1ACE8A1AB, '3800.00', '5539387ef1c28.jpg', '5539387ef2a4e.jpg', '1', '434', '0', '2', '1429813375');
INSERT INTO `shop_goods` VALUES ('5', '男士衬衫', '意大利经典全棉免烫衬衫', 'CAMICISSIMA', 0xE6848FE5A4A7E588A9E7BB8FE585B8E585A8E6A389E5858DE783ABE8A1ACE8A1AB, '1999.00', '55393af60d0d3.jpg', '55393af60de4d.jpg', '1', '548', '7', '7', '1429814006');
INSERT INTO `shop_goods` VALUES ('6', '女士配饰', '彩虹花型 18K金五色彩色宝石戒指', 'ENZO', 0xE5BDA9E899B9E88AB1E59E8B2031384BE98791E4BA94E889B2E5BDA9E889B2E5AE9DE79FB3E68892E68C8720, '4599.00', '553992eba7215.jpg', '553ee02a144ee.jpg', '1', '537', '18', '146', '1430183978');
INSERT INTO `shop_goods` VALUES ('7', '女士配饰', '彩虹四叶草 18K金四色彩色宝石坠', 'ENZO', 0xE5BDA9E899B9E59B9BE58FB6E88D892031384BE98791E59B9BE889B2E5BDA9E889B2E5AE9DE79FB3E59DA0, '6999.00', '553994b2c469b.jpg', '553994b2c4c14.jpg', '1', '103', '3', '18', '1429836978');
INSERT INTO `shop_goods` VALUES ('8', '女士配饰', '彩虹四叶草 18K金四色彩色宝石坠', 'ENZO', 0xE5BDA9E899B9E59B9BE58FB6E88D892031384BE98791E59B9BE889B2E5BDA9E889B2E5AE9DE79FB3E59DA0, '3999.00', '553996010fa60.jpg', '55399601102aa.jpg', '1', '111', '0', '4', '1429837313');
INSERT INTO `shop_goods` VALUES ('9', '女士配饰', 'M&amp;amp;amp;amp;amp;M晶小恶魔 9K白金', 'ENZO', 0x4D26616D703B616D703B616D703B616D703B616D703B4DE699B6E5B08FE681B6E9AD9420394BE799BDE98791E9BB84E699B6E9A1B9E59DA0, '1299.00', '553997172bd52.jpg', '553997172c274.jpg', '1', '111', '0', '4', '1429837591');
INSERT INTO `shop_goods` VALUES ('10', '女士配饰', '小恶魔 9K白金石榴石项坠 ', 'ENZO', 0xE5B08FE681B6E9AD9420394BE799BDE98791E79FB3E6A6B4E79FB3E9A1B9E59DA020, '1299.00', '553997a044a40.jpg', '553997a045a2a.jpg', '1', '111', '0', '28', '1430126791');
INSERT INTO `shop_goods` VALUES ('12', '女士配饰', '蒙索花园 向日葵 18K金黄晶戒指', 'ENZO', 0xE89299E7B4A2E88AB1E59BAD20E59091E697A5E891B52031384BE98791E9BB84E699B6E68892E68C87, '5999.00', '553998d5042f5.jpg', '553998d504c40.JPG', '1', '222', '0', '2', '1429838037');
INSERT INTO `shop_goods` VALUES ('13', '女士配饰', '芭蕾女孩 18K金紫晶耳环', 'ENZO', 0xE88AADE895BEE5A5B3E5ADA92031384BE98791E7B4ABE699B6E880B3E78EAF20, '3599.00', '5539997c5694a.jpg', '553ee05cd4e69.jpg', '1', '107', '4', '2', '1430184028');
INSERT INTO `shop_goods` VALUES ('14', '女士配饰', '蒙索花园 绣球花 18K白金托帕石吊坠', 'ENZO', 0xE89299E7B4A2E88AB1E59BAD20E7BBA3E79083E88AB12031384BE799BDE98791E68998E5B895E79FB3E5908AE59DA0, '4699.00', '553999e95342c.jpg', '553999e953993.jpg', '1', '216', '6', '4', '1429838313');
INSERT INTO `shop_goods` VALUES ('15', '女士配饰', '蒙索花园 天堂鸟 18K金黄晶吊坠', 'ENZO', 0xE89299E7B4A2E88AB1E59BAD20E5A4A9E5A082E9B89F2031384BE98791E9BB84E699B6E5908AE59DA0, '4699.00', '55399a45e7042.jpg', '55399a45e7613.jpg', '1', '2222', '0', '0', '1429838405');
INSERT INTO `shop_goods` VALUES ('16', '女士配饰', 'ESV双心花 14K金透辉石吊坠', 'ENZO', 0x455356E58F8CE5BF83E88AB12031344BE98791E9808FE8BE89E79FB3E5908AE59DA0, '2999.00', '55399ae536ee6.jpg', '55399ae5374ef.jpg', '1', '219', '3', '3', '1429838565');
INSERT INTO `shop_goods` VALUES ('18', '女士配饰', '蒙索花园 鸢尾花 18K玫瑰金紫晶吊坠', 'ENZO', 0xE89299E7B4A2E88AB1E59BAD20E9B8A2E5B0BEE88AB12031384BE78EABE791B0E98791E7B4ABE699B6E5908AE59DA020, '4699.00', '5539a243cc822.jpg', '553ee07818d15.jpg', '1', '123', '0', '0', '1430184056');
INSERT INTO `shop_goods` VALUES ('19', '女士配饰', 'VAVA 10K金石榴石戒指', 'ENZO', 0x564156412031304BE98791E79FB3E6A6B4E79FB3E68892E68C87, '799.00', '5539a32ec9ce6.jpg', '5539a32eca145.jpg', '1', '111', '0', '0', '1429840686');
INSERT INTO `shop_goods` VALUES ('20', '女士T恤', '女款白色T恤', 'Just cavalli', 0xE5A5B3E6ACBEE799BDE889B254E681A4, '2400.00', '5539a49561820.jpg', '5539a49562579.jpg', '1', '222', '0', '0', '1429841045');
INSERT INTO `shop_goods` VALUES ('21', '女士T恤', '女款印花长裤', 'Just cavalli', 0xE5A5B3E6ACBEE58DB0E88AB1E995BFE8A3A4, '5300.00', '5539a5094eac0.jpg', '5539a5094f3b2.jpg', '1', '222', '0', '0', '1429841161');
INSERT INTO `shop_goods` VALUES ('22', '女士外套', '女款印花运动茄克', 'Just cavalli ', 0xE5A5B3E6ACBEE58DB0E88AB1E8BF90E58AA8E88C84E5858B, '9999.99', '5539a59a5e072.jpg', '5539a59a5e956.jpg', '1', '111', '0', '2', '1429841306');
INSERT INTO `shop_goods` VALUES ('23', '女士衬衫', '女款白色衬衫', 'Just cavalli', 0xE5A5B3E6ACBEE799BDE889B2E8A1ACE8A1AB, '4800.00', '5539a6448180f.jpg', '5539a64482a13.jpg', '1', '123', '0', '4', '1429841476');
INSERT INTO `shop_goods` VALUES ('24', '女士T恤', '女款白色T恤', 'Just cavalli', 0xE5A5B3E6ACBEE799BDE889B254E681A420, '3000.00', '5539a7a5099c9.jpg', '5539a7a50a43d.jpg', '1', '111', '0', '0', '1429841829');
INSERT INTO `shop_goods` VALUES ('25', '女士外套', '女款黑色套衫', 'Just cavalli ', 0xE5A5B3E6ACBEE9BB91E889B2E5A597E8A1AB, '3500.00', '5539a8e173975.jpg', '5539a8e17418d.jpg', '1', '111', '0', '0', '1429842145');
INSERT INTO `shop_goods` VALUES ('26', '女士鞋履', '玫瑰红高跟单鞋', 'STELLA LUNA', 0xE78EABE791B0E7BAA2E9AB98E8B79FE58D95E99E8B, '2180.00', '5539aab88adfb.jpg', '5539aab88b40a.jpg', '1', '111', '0', '0', '1429842616');
INSERT INTO `shop_goods` VALUES ('27', '女士鞋履', '深藍高跟单鞋', 'STELLA LUNA', 0xE6B7B1E8978DE9AB98E8B79FE58D95E99E8B20, '2180.00', '5539abf1b4dad.jpg', '5539ab2b13f93.jpg', '1', '111', '0', '0', '1429842929');
INSERT INTO `shop_goods` VALUES ('28', '女士鞋履', '白色扣带凉鞋', 'STELLA LUNA ', 0xE799BDE889B2E689A3E5B8A6E58789E99E8B, '2280.00', '5539ad0b6d156.jpg', '5539ad0b6ddcd.jpg', '1', '111', '0', '0', '1429843211');
INSERT INTO `shop_goods` VALUES ('29', '女士鞋履', '女士米色高跟鞋', 'JB MARTIN ', 0xE5A5B3E5A3ABE7B1B3E889B2E9AB98E8B79FE99E8B, '2208.00', '5539ad6b28492.jpg', '5539ad6b288a9.jpg', '1', '111', '0', '2', '1429843307');
INSERT INTO `shop_goods` VALUES ('30', '女士鞋履', '淡黄色高跟单鞋', 'STELLA LUNA', 0xE6B7A1E9BB84E889B2E9AB98E8B79FE58D95E99E8B, '2380.00', '5539adddb885d.jpg', '5539adddb8c5b.jpg', '1', '111', '0', '0', '1429843421');
INSERT INTO `shop_goods` VALUES ('31', '男士配饰', '男款蓝色全框太阳镜', 'CARRERA ', 0xE794B7E6ACBEE8939DE889B2E585A8E6A186E5A4AAE998B3E9959C, '1050.00', '5539b4b719817.jpg', '5539b4b719bc2.jpg', '1', '111', '0', '1', '1429845175');
INSERT INTO `shop_goods` VALUES ('32', '男士配饰', '男款黄色全框太阳镜', 'CARRERA', 0xE794B7E6ACBEE9BB84E889B2E585A8E6A186E5A4AAE998B3E9959C, '920.00', '5539b51cdfb69.jpg', '5539b51cdff07.jpg', '1', '111', '0', '4', '1429845276');
INSERT INTO `shop_goods` VALUES ('33', '男士配饰', '男款黑色全框太阳镜', 'CARRERA ', 0xE794B7E6ACBEE9BB91E889B2E585A8E6A186E5A4AAE998B3E9959C, '1130.00', '5539b5a4b1631.jpg', '5539b5a4b2236.jpg', '1', '109', '0', '3', '1429845412');
INSERT INTO `shop_goods` VALUES ('34', '男士衬衫', '意大利进口全棉短袖衬衫', 'TOMBOLINI', 0xE6848FE5A4A7E588A9E8BF9BE58FA3E585A8E6A389E79FADE8A296E8A1ACE8A1AB, '1980.00', '5539b61ba90a6.jpg', '5539b61ba9654.jpg', '1', '110', '0', '5', '1429845531');
INSERT INTO `shop_goods` VALUES ('35', '男士衬衫', '意大利进口全棉短袖衬衫', 'TOMBOLINI ', 0xE6848FE5A4A7E588A9E8BF9BE58FA3E585A8E6A389E79FADE8A296E8A1ACE8A1AB, '2190.00', '5539b67931a77.jpg', '5539b6793201a.jpg', '1', '123', '0', '1', '1429845625');
INSERT INTO `shop_goods` VALUES ('36', '女士衬衫', '意大利进口全棉短袖衬衫', 'TOMBOLINI ', 0xE6848FE5A4A7E588A9E8BF9BE58FA3E585A8E6A389E79FADE8A296E8A1ACE8A1AB, '1980.00', '5539b6ee2d34a.jpg', '5539b6ee318dc.jpg', '1', '111', '0', '1', '1429845742');
INSERT INTO `shop_goods` VALUES ('37', '男士衬衫', '意大利进口全棉短袖衬衫', 'TOMBOLINI', 0xE6848FE5A4A7E588A9E8BF9BE58FA3E585A8E6A389E79FADE8A296E8A1ACE8A1AB, '2198.00', '5539b74dc7c55.jpg', '5539b74dc8363.jpg', '1', '111', '0', '1', '1429845837');
INSERT INTO `shop_goods` VALUES ('38', '男士衬衫', '意大利进口全棉短袖衬衫', 'TOMBOLINI ', 0xE6848FE5A4A7E588A9E8BF9BE58FA3E585A8E6A389E79FADE8A296E8A1ACE8A1AB, '2198.00', '5539b7b7a32fe.jpg', '5539b7b7a38bd.jpg', '1', '123', '0', '3', '1429845943');
INSERT INTO `shop_goods` VALUES ('39', '男士针织衫', '男款黑色套头针织衫', 'TRUSSARDI ', 0xE794B7E6ACBEE9BB91E889B2E5A597E5A4B4E99288E7BB87E8A1AB, '7115.00', '5539ba5dd7653.jpg', '5539ba5dd7b92.jpg', '1', '555', '0', '0', '1429846621');
INSERT INTO `shop_goods` VALUES ('40', '男士针织衫', '男款挪威提花圆领针织衫', 'TRU TRUSSARDI ', 0xE794B7E6ACBEE68CAAE5A881E68F90E88AB1E59C86E9A286E99288E7BB87E8A1AB, '2540.00', '5539bad78fa5c.jpg', '5539bad7901c5.jpg', '1', '123', '0', '0', '1429846743');
INSERT INTO `shop_goods` VALUES ('41', '女士针织衫', '男款灰色休闲圆领长袖套衫', '', 0xE794B7E6ACBEE781B0E889B2E4BC91E997B2E59C86E9A286E995BFE8A296E5A597E8A1AB, '1850.00', '5539bb333e8c0.jpg', '5539bb333ef4f.jpg', '1', '222', '0', '0', '1429846835');
INSERT INTO `shop_goods` VALUES ('42', '男士针织衫', '男款灰色印花圆领针织衫', 'TRU TRUSSARDI ', 0xE794B7E6ACBEE781B0E889B2E58DB0E88AB1E59C86E9A286E99288E7BB87E8A1AB, '3190.00', '5539bbae83dc7.jpg', '5539bbae84be8.jpg', '1', '111', '0', '0', '1429846958');
INSERT INTO `shop_goods` VALUES ('43', '男士针织衫', '男款蓝色印花圆领针织衫', 'TRU TRUSSARDI ', 0xE794B7E6ACBEE8939DE889B2E58DB0E88AB1E59C86E9A286E99288E7BB87E8A1AB, '3190.00', '5539bc222c613.jpg', '5539bc222cda3.jpg', '1', '111', '0', '5', '1429847074');
INSERT INTO `shop_goods` VALUES ('44', '女士箱包', '时尚编织装饰扣拉链钱包', 'PAUL &amp;amp;amp; JOE ', 0xE697B6E5B09AE7BC96E7BB87E8A385E9A5B0E689A3E68B89E993BEE992B1E58C85, '5309.00', '5539c26c39820.jpg', '5539c26c39cd4.jpg', '0', '111', '0', '2', '1429848684');
INSERT INTO `shop_goods` VALUES ('45', '女士箱包', '时尚印花扇形零钱包', 'PAUL &amp;amp; JOE ', 0xE697B6E5B09AE58DB0E88AB1E68987E5BDA2E99BB6E992B1E58C85, '798.00', '5539c30352736.jpg', '5539c30352ebd.jpg', '1', '111', '0', '1', '1429848835');
INSERT INTO `shop_goods` VALUES ('46', '女士箱包', '女士蓝色时尚印花挎包', 'PAUL &amp;amp; JOE ', 0xE5A5B3E5A3ABE8939DE889B2E697B6E5B09AE58DB0E88AB1E68C8EE58C85, '4998.00', '5539c3840504b.jpg', '5539c38405e51.jpg', '1', '111', '0', '1', '1429848964');
INSERT INTO `shop_goods` VALUES ('47', '女士箱包', '女士蓝色蛇皮拼接手抓包', 'PAUL &amp; JOE ', 0xE5A5B3E5A3ABE8939DE889B2E89B87E79AAEE68BBCE68EA5E6898BE68A93E58C85, '6909.00', '5539c3e4ad900.jpg', '5539c3e4ae31b.jpg', '1', '111', '0', '0', '1429849060');
INSERT INTO `shop_goods` VALUES ('48', '女士箱包', '时尚印花牛皮袖珍卡包', 'PAUL &amp; JOE ', 0xE697B6E5B09AE58DB0E88AB1E7899BE79AAEE8A296E78F8DE58DA1E58C85, '698.00', '5539c44bd8e0d.jpg', '5539c44bd9640.jpg', '1', '111', '0', '0', '1429849163');
INSERT INTO `shop_goods` VALUES ('49', '女士箱包', '女士橘色时尚印花挎包', 'PAUL &amp; JOE ', 0xE5A5B3E5A3ABE6A998E889B2E697B6E5B09AE58DB0E88AB1E68C8EE58C85, '4980.00', '5539c4d284f76.jpg', '5539c4d286006.jpg', '1', '111', '0', '0', '1429849298');
INSERT INTO `shop_goods` VALUES ('50', '女士箱包', '女士橘色时尚印花挎包', 'PAUL &amp; JOE ', 0xE5A5B3E5A3ABE6A998E889B2E697B6E5B09AE58DB0E88AB1E68C8EE58C85, '4901.00', '5539c543a9b05.jpg', '5539c543aa52a.jpg', '1', '111', '0', '0', '1429849411');
INSERT INTO `shop_goods` VALUES ('51', '男士配饰', 'aaa', 'aaa', 0x616161, '333.00', '553f52daa80a8.jpg', '553f52daa85bf.jpg', '1', '333', '0', '3', '1430213338');

-- ----------------------------
-- Table structure for shop_grade
-- ----------------------------
DROP TABLE IF EXISTS `shop_grade`;
CREATE TABLE `shop_grade` (
  `grade_id` int(11) NOT NULL AUTO_INCREMENT,
  `grade_userid` int(11) NOT NULL,
  `grade_score` varchar(255) COLLATE utf8_bin NOT NULL,
  PRIMARY KEY (`grade_id`)
) ENGINE=InnoDB AUTO_INCREMENT=16 DEFAULT CHARSET=utf8 COLLATE=utf8_bin;

-- ----------------------------
-- Records of shop_grade
-- ----------------------------
INSERT INTO `shop_grade` VALUES ('1', '1', '25350');
INSERT INTO `shop_grade` VALUES ('2', '93', '4500');
INSERT INTO `shop_grade` VALUES ('9', '94', '6568');
INSERT INTO `shop_grade` VALUES ('10', '95', '700');
INSERT INTO `shop_grade` VALUES ('11', '96', '570');
INSERT INTO `shop_grade` VALUES ('12', '97', '500');
INSERT INTO `shop_grade` VALUES ('13', '99', '500');
INSERT INTO `shop_grade` VALUES ('14', '100', '600');
INSERT INTO `shop_grade` VALUES ('15', '102', '500');

-- ----------------------------
-- Table structure for shop_history
-- ----------------------------
DROP TABLE IF EXISTS `shop_history`;
CREATE TABLE `shop_history` (
  `history_id` int(10) NOT NULL,
  `history_name` varchar(255) COLLATE utf8_bin DEFAULT NULL,
  `history_picname` varchar(255) COLLATE utf8_bin DEFAULT NULL,
  PRIMARY KEY (`history_id`)
) ENGINE=InnoDB DEFAULT CHARSET=utf8 COLLATE=utf8_bin ROW_FORMAT=COMPACT;

-- ----------------------------
-- Records of shop_history
-- ----------------------------
INSERT INTO `shop_history` VALUES ('1', '栏目1', 'history_01.jpg');
INSERT INTO `shop_history` VALUES ('2', '栏目2', 'history_02.jpg');
INSERT INTO `shop_history` VALUES ('3', '栏目3', 'history_03.jpg');
INSERT INTO `shop_history` VALUES ('4', '栏目4', 'history_04.jpg');
INSERT INTO `shop_history` VALUES ('5', '栏目5', 'history_05.jpg');
INSERT INTO `shop_history` VALUES ('6', '栏目6', 'history_06.jpg');
INSERT INTO `shop_history` VALUES ('7', '栏目7', 'history_07.jpg');
INSERT INTO `shop_history` VALUES ('8', '栏目8', 'history_08.jpg');
INSERT INTO `shop_history` VALUES ('9', '栏目9', 'history_09.jpg');
INSERT INTO `shop_history` VALUES ('10', '栏目10', 'history_10.jpg');
INSERT INTO `shop_history` VALUES ('11', '栏目11', 'history_11.jpg');
INSERT INTO `shop_history` VALUES ('12', '栏目12', 'history_12.jpg');
INSERT INTO `shop_history` VALUES ('13', '栏目13', 'history_13.jpg');
INSERT INTO `shop_history` VALUES ('14', '栏目14', 'history_14.jpg');
INSERT INTO `shop_history` VALUES ('15', '栏目15', 'history_15.jpg');
INSERT INTO `shop_history` VALUES ('16', '栏目16', 'history_16.jpg');
INSERT INTO `shop_history` VALUES ('17', '栏目17', 'history_17.jpg');
INSERT INTO `shop_history` VALUES ('18', '栏目18', 'history_18.jpg');
INSERT INTO `shop_history` VALUES ('19', '栏目19', 'history_19.jpg');
INSERT INTO `shop_history` VALUES ('20', '栏目20', 'history_20.jpg');
INSERT INTO `shop_history` VALUES ('21', '栏目21', 'history_21.jpg');
INSERT INTO `shop_history` VALUES ('22', '栏目22', 'history_22.jpg');
INSERT INTO `shop_history` VALUES ('23', '栏目23', 'history_23.jpg');
INSERT INTO `shop_history` VALUES ('24', '栏目24', 'history_24.jpg');
INSERT INTO `shop_history` VALUES ('25', '栏目25', 'history_25.jpg');
INSERT INTO `shop_history` VALUES ('26', '栏目26', 'history_26.jpg');
INSERT INTO `shop_history` VALUES ('27', '栏目27', 'history_27.jpg');
INSERT INTO `shop_history` VALUES ('28', '栏目28', 'history_28.jpg');

-- ----------------------------
-- Table structure for shop_index
-- ----------------------------
DROP TABLE IF EXISTS `shop_index`;
CREATE TABLE `shop_index` (
  `index_id` int(11) NOT NULL,
  `index_name` varchar(255) COLLATE utf8_bin DEFAULT NULL,
  `index_picname` varchar(255) COLLATE utf8_bin DEFAULT NULL,
  PRIMARY KEY (`index_id`)
) ENGINE=InnoDB DEFAULT CHARSET=utf8 COLLATE=utf8_bin;

-- ----------------------------
-- Records of shop_index
-- ----------------------------
INSERT INTO `shop_index` VALUES ('1', '轮播图1', '553793a4d94f5.jpg');
INSERT INTO `shop_index` VALUES ('2', '轮播图2', '553dcfc505541.jpg');
INSERT INTO `shop_index` VALUES ('3', '轮播图3', '553dcfd3d899c.jpg');
INSERT INTO `shop_index` VALUES ('4', '轮播图4', 'c41436747f9e342.jpg');
INSERT INTO `shop_index` VALUES ('5', 'PRADA', 'Prada--logo.png');
INSERT INTO `shop_index` VALUES ('6', 'SHIATZY CHEN', 'file.png');
INSERT INTO `shop_index` VALUES ('7', 'Poltrona Frau', '550fa8e4543d2871855.png');
INSERT INTO `shop_index` VALUES ('8', 'GUCCI', 'GUCCI_1.png');
INSERT INTO `shop_index` VALUES ('9', 'STELLA LUNA', 'stella_luna.png');
INSERT INTO `shop_index` VALUES ('10', 'EQ:IQ', '55015dcfd0470186371.png');
INSERT INTO `shop_index` VALUES ('11', 'ALEXANDRE DE PARIS', 'ADP.png');
INSERT INTO `shop_index` VALUES ('12', 'CAROLINNA ESPINOSA', 'CE_.png');
INSERT INTO `shop_index` VALUES ('13', 'PAUL &amp; JOE', 'poul_joe_logo.png');
INSERT INTO `shop_index` VALUES ('14', 'PORSCHE DESIGN', '_logo.png');
INSERT INTO `shop_index` VALUES ('15', 'Baccarat', 'baccarat.png');
INSERT INTO `shop_index` VALUES ('16', 'PEUTEREY', 'peuterey_logo.png');
INSERT INTO `shop_index` VALUES ('17', 'TRUSSARDI', 'trussardi_.png');
INSERT INTO `shop_index` VALUES ('18', 'braccialini', 'braccialini-logo.png');
INSERT INTO `shop_index` VALUES ('19', 'PIERRE BALMAIN', 'pierre_balmain_.png');
INSERT INTO `shop_index` VALUES ('20', 'TRU TRUSSARDI HOME', 'trussadi_home.png');
INSERT INTO `shop_index` VALUES ('21', 'BVLGARI', '_logo-300-160.png');
INSERT INTO `shop_index` VALUES ('22', 'CAMICISSIMA', '_logo_4.png');
INSERT INTO `shop_index` VALUES ('23', 'MAURIZIO BALDASSARI', 'MAURIZIO-BALDASSARI-logo.png');
INSERT INTO `shop_index` VALUES ('24', 'Möve', 'move-logo-251-113_1.png');
INSERT INTO `shop_index` VALUES ('25', 'JB MARTIN', 'JB_.png');
INSERT INTO `shop_index` VALUES ('26', 'TRU TRUSSARDI', 'trutrussardi_.png');
INSERT INTO `shop_index` VALUES ('27', 'REPLAY', 'replay_logo.png');

-- ----------------------------
-- Table structure for shop_keywords
-- ----------------------------
DROP TABLE IF EXISTS `shop_keywords`;
CREATE TABLE `shop_keywords` (
  `keywords_id` int(11) NOT NULL AUTO_INCREMENT,
  `keywords_times` int(32) NOT NULL,
  `keywords_keyword` varchar(255) COLLATE utf8_bin NOT NULL,
  PRIMARY KEY (`keywords_id`)
) ENGINE=InnoDB AUTO_INCREMENT=14 DEFAULT CHARSET=utf8 COLLATE=utf8_bin;

-- ----------------------------
-- Records of shop_keywords
-- ----------------------------
INSERT INTO `shop_keywords` VALUES ('6', '22', '女士');
INSERT INTO `shop_keywords` VALUES ('7', '6', '女装');
INSERT INTO `shop_keywords` VALUES ('10', '3', '男装');
INSERT INTO `shop_keywords` VALUES ('11', '3', '衬衫');
INSERT INTO `shop_keywords` VALUES ('12', '3', '彩虹');
INSERT INTO `shop_keywords` VALUES ('13', '44', '男士');

-- ----------------------------
-- Table structure for shop_notice
-- ----------------------------
DROP TABLE IF EXISTS `shop_notice`;
CREATE TABLE `shop_notice` (
  `notice_id` int(10) unsigned NOT NULL AUTO_INCREMENT,
  `notice_title` text COLLATE utf8_bin,
  `notice_descr` text COLLATE utf8_bin,
  `notice_time` int(10) unsigned DEFAULT NULL,
  PRIMARY KEY (`notice_id`)
) ENGINE=InnoDB AUTO_INCREMENT=8 DEFAULT CHARSET=utf8 COLLATE=utf8_bin;

-- ----------------------------
-- Records of shop_notice
-- ----------------------------
INSERT INTO `shop_notice` VALUES ('7', 0xE6B885E58789E4B880E5A48F, 0xE5A48FE697A5E69F94E68385E6ACBEE99A86E9878DE4B88AE5B8822CE6ACA2E8BF8EE98089E8B4AD, '1430209859');

-- ----------------------------
-- Table structure for shop_orders
-- ----------------------------
DROP TABLE IF EXISTS `shop_orders`;
CREATE TABLE `shop_orders` (
  `orders_id` int(10) unsigned NOT NULL AUTO_INCREMENT,
  `orders_usersid` int(10) unsigned DEFAULT NULL,
  `orders_linkman` varchar(32) COLLATE utf8_bin DEFAULT NULL,
  `orders_address` varchar(255) COLLATE utf8_bin DEFAULT NULL,
  `orders_code` char(6) CHARACTER SET utf8 DEFAULT NULL,
  `orders_phone` varchar(16) COLLATE utf8_bin DEFAULT NULL,
  `orders_addtime` int(10) unsigned DEFAULT NULL,
  `orders_num` varchar(32) COLLATE utf8_bin DEFAULT NULL,
  `orders_total` double(8,2) DEFAULT NULL,
  `orders_status` tinyint(4) DEFAULT NULL,
  `orders_express` tinyint(3) DEFAULT NULL COMMENT '送货时间：0.所有1.工作日2.假日',
  `orders_invoice` tinyint(2) DEFAULT NULL COMMENT '发票：0.普通1.不开',
  PRIMARY KEY (`orders_id`)
) ENGINE=InnoDB AUTO_INCREMENT=42 DEFAULT CHARSET=utf8 COLLATE=utf8_bin;

-- ----------------------------
-- Records of shop_orders
-- ----------------------------
INSERT INTO `shop_orders` VALUES ('38', '94', '宇宙超级无敌大小强', '春眠不觉晓处处闻啼鸟', '000000', '16666666666', '1430185125', 'vip_lux1430185125_2766', '33593.00', '2', '0', '1');
INSERT INTO `shop_orders` VALUES ('39', '1', '黄珊', 'aaaaa', 'wad', '123443', '1430204416', 'vip_lux1430204416_8921', '20000.00', '1', '0', '1');
INSERT INTO `shop_orders` VALUES ('40', '94', '老师真帅', '花果山水帘洞', '333333', '1222222222', '1430210004', 'vip_lux1430210004_1153', '9398.00', '1', '0', '1');
INSERT INTO `shop_orders` VALUES ('41', '94', '老师真帅', '花果山水帘洞', '333', '1222222', '1430212768', 'vip_lux1430212768_6309', '24275.00', '2', '1', '0');

-- ----------------------------
-- Table structure for shop_profiles
-- ----------------------------
DROP TABLE IF EXISTS `shop_profiles`;
CREATE TABLE `shop_profiles` (
  `profile_id` int(10) unsigned NOT NULL AUTO_INCREMENT,
  `profile_userid` int(10) unsigned DEFAULT NULL,
  `profile_region` varchar(32) COLLATE utf8_bin DEFAULT NULL,
  `profile_street` varchar(32) COLLATE utf8_bin DEFAULT NULL,
  `profile_address` varchar(255) COLLATE utf8_bin DEFAULT NULL,
  `profile_name` varchar(16) COLLATE utf8_bin NOT NULL,
  `profile_phone` varchar(16) CHARACTER SET utf8 NOT NULL,
  `profile_code` varchar(16) CHARACTER SET latin1 DEFAULT NULL,
  PRIMARY KEY (`profile_id`)
) ENGINE=InnoDB AUTO_INCREMENT=15 DEFAULT CHARSET=utf8 COLLATE=utf8_bin;

-- ----------------------------
-- Records of shop_profiles
-- ----------------------------
INSERT INTO `shop_profiles` VALUES ('1', '1', '北京市昌平区', '文化西路', '育荣教育区', '阿迪', '13193976689', '100480');
INSERT INTO `shop_profiles` VALUES ('2', '1', '北京市昌平区', '文化西路', '育荣教育区', '耐克', '135792345', '100480');
INSERT INTO `shop_profiles` VALUES ('4', '2', '河南省三门峡市', '黄河东路', '海洋新天域', '鸣人', '135792345', '472000');
INSERT INTO `shop_profiles` VALUES ('5', '3', '河南洛阳', '中州大道', '海洋商务大厦', '朱磊', '123456789', '278202696@qq.com');
INSERT INTO `shop_profiles` VALUES ('6', '75', '北京', '文华西路', '玉龙苑', '朱磊', '12345', '12345');
INSERT INTO `shop_profiles` VALUES ('8', '75', '北京', '文化西路', '育荣教育区', '黄珊123', '12345', '100480');
INSERT INTO `shop_profiles` VALUES ('9', '75', '北京市昌平区', '文化西路', '育荣教育区', '盛芳芳123', '222222221111', '12345');
INSERT INTO `shop_profiles` VALUES ('10', '76', '北京市', '文化西路', '育荣教育园去', '朱磊', '13193976689', '10010');
INSERT INTO `shop_profiles` VALUES ('11', '94', null, null, '河南省三门峡', '小小小强', '12222222', '232323');
INSERT INTO `shop_profiles` VALUES ('12', '94', null, null, '花果山水帘洞', '老师真帅', '1222222222', '333333');
INSERT INTO `shop_profiles` VALUES ('13', '94', null, null, '花果山水帘洞', '老师真帅', '1222222', '333');
INSERT INTO `shop_profiles` VALUES ('14', '94', null, null, '花果山水帘洞', '老师真帅', '1222222', '333');

-- ----------------------------
-- Table structure for shop_share
-- ----------------------------
DROP TABLE IF EXISTS `shop_share`;
CREATE TABLE `shop_share` (
  `share_id` int(10) unsigned NOT NULL AUTO_INCREMENT,
  `share_userid` int(10) unsigned DEFAULT NULL,
  `share_title` text COLLATE utf8_bin NOT NULL,
  `share_goodsid` int(10) unsigned NOT NULL,
  `share_content` varchar(255) COLLATE utf8_bin DEFAULT NULL,
  `share_time` int(10) unsigned DEFAULT NULL,
  PRIMARY KEY (`share_id`)
) ENGINE=InnoDB AUTO_INCREMENT=19 DEFAULT CHARSET=utf8 COLLATE=utf8_bin;

-- ----------------------------
-- Records of shop_share
-- ----------------------------
INSERT INTO `shop_share` VALUES ('15', '1', 0x313233343536, '3', '123456', '1430209504');
INSERT INTO `shop_share` VALUES ('16', '1', 0xE4BB8AE5A4A9E4B9B0E4BA86E8BF99E4B8AAE789B9E588ABE6A392, '12', '请亲们选购', '1430209935');
INSERT INTO `shop_share` VALUES ('17', '100', 0xE5BE88E6A392, '9', '你好 这个可以购买', '1430210618');
INSERT INTO `shop_share` VALUES ('18', '1', 0xE8BF99E4B8AAE68892E68C87E4B88DE99499, '6', '很好 可以入手', '1430213203');

-- ----------------------------
-- Table structure for shop_type
-- ----------------------------
DROP TABLE IF EXISTS `shop_type`;
CREATE TABLE `shop_type` (
  `type_id` int(10) unsigned NOT NULL AUTO_INCREMENT,
  `type_name` varchar(32) COLLATE utf8_bin DEFAULT NULL,
  `type_pid` int(10) unsigned DEFAULT NULL,
  `type_path` varchar(255) COLLATE utf8_bin DEFAULT NULL,
  PRIMARY KEY (`type_id`)
) ENGINE=InnoDB AUTO_INCREMENT=28 DEFAULT CHARSET=utf8 COLLATE=utf8_bin;

-- ----------------------------
-- Records of shop_type
-- ----------------------------
INSERT INTO `shop_type` VALUES ('1', '男士', '0', '0,');
INSERT INTO `shop_type` VALUES ('2', '女士', '0', '0,');
INSERT INTO `shop_type` VALUES ('3', '家居', '0', '0,');
INSERT INTO `shop_type` VALUES ('5', '男士衬衫', '1', '0,1,');
INSERT INTO `shop_type` VALUES ('6', '男士T恤', '1', '0,1,');
INSERT INTO `shop_type` VALUES ('7', '男士针织衫', '1', '0,1,');
INSERT INTO `shop_type` VALUES ('8', '男士外套', '1', '0,1,');
INSERT INTO `shop_type` VALUES ('9', '男士西装', '1', '0,1,');
INSERT INTO `shop_type` VALUES ('10', '男士裤子', '1', '0,1,');
INSERT INTO `shop_type` VALUES ('11', '男士鞋履', '1', '0,1,');
INSERT INTO `shop_type` VALUES ('12', '男士箱包', '1', '0,1,');
INSERT INTO `shop_type` VALUES ('13', '男士配饰', '1', '0,1,');
INSERT INTO `shop_type` VALUES ('15', '女士衬衫', '2', '0,2,');
INSERT INTO `shop_type` VALUES ('16', '女士T恤', '2', '0,2,');
INSERT INTO `shop_type` VALUES ('17', '女士针织衫', '2', '0,2,');
INSERT INTO `shop_type` VALUES ('18', '女士外套', '2', '0,2,');
INSERT INTO `shop_type` VALUES ('19', '女士裙子', '2', '0,2,');
INSERT INTO `shop_type` VALUES ('20', '女士鞋履', '2', '0,2,');
INSERT INTO `shop_type` VALUES ('21', '女士箱包', '2', '0,2,');
INSERT INTO `shop_type` VALUES ('22', '女士配饰', '2', '0,2,');
INSERT INTO `shop_type` VALUES ('24', '灯具', '3', '0,3,');
INSERT INTO `shop_type` VALUES ('25', '餐具', '3', '0,3,');
INSERT INTO `shop_type` VALUES ('26', '浴具', '3', '0,3,');
INSERT INTO `shop_type` VALUES ('27', '寝具', '3', '0,3,');

-- ----------------------------
-- Table structure for shop_users
-- ----------------------------
DROP TABLE IF EXISTS `shop_users`;
CREATE TABLE `shop_users` (
  `users_id` int(11) NOT NULL AUTO_INCREMENT,
  `users_account` varchar(32) COLLATE utf8_bin NOT NULL,
  `users_name` varchar(16) COLLATE utf8_bin NOT NULL,
  `users_pass` char(32) CHARACTER SET latin1 NOT NULL,
  `users_sex` tinyint(1) NOT NULL,
  `users_address` varchar(255) COLLATE utf8_bin NOT NULL,
  `users_code` char(6) CHARACTER SET latin1 NOT NULL,
  `users_phone` varchar(16) CHARACTER SET latin1 NOT NULL,
  `users_email` varchar(50) CHARACTER SET latin1 NOT NULL,
  `users_state` tinyint(1) NOT NULL,
  `users_addtime` int(11) NOT NULL,
  `users_icon` varchar(255) COLLATE utf8_bin NOT NULL,
  `user_repass` varchar(255) COLLATE utf8_bin NOT NULL,
  PRIMARY KEY (`users_id`)
) ENGINE=InnoDB AUTO_INCREMENT=105 DEFAULT CHARSET=utf8 COLLATE=utf8_bin;

-- ----------------------------
-- Records of shop_users
-- ----------------------------
INSERT INTO `shop_users` VALUES ('1', 'aa', '黄珊', '202cb962ac59075b964b07152d234b70', '0', 'aaaaa', 'wad', '123443', 'wade@qq', '0', '2143', '/images/553f551fb5ed9.jpg', '');
INSERT INTO `shop_users` VALUES ('2', 'ss', 'ss', '202cb962ac59075b964b07152d234b70', '1', 'adasd', 'T', '12344', 'wade@qq', '0', '3', '/images/552f97d8257f4.jpg', '');
INSERT INTO `shop_users` VALUES ('3', 'dd', 'dd', '202cb962ac59075b964b07152d234b70', '0', 'aaaaaaaaaaa', 'aa@126', 'aaaaaaaaa', 'wade@qq', '0', '5', '/images/553ddbcebc498.jpg', '');
INSERT INTO `shop_users` VALUES ('4', 'ff', 'fff', '202cb962ac59075b964b07152d234b70', '1', '123', '123', 'szf', '33@44.com', '0', '2', '/images/552f982b93777.jpg', '');
INSERT INTO `shop_users` VALUES ('93', 'aaaaaa', 'aaaaaa', '202cb962ac59075b964b07152d234b70', '0', '111111', '111111', '1111111', '', '0', '0', '/images/553decfa39090.jpg', '');
INSERT INTO `shop_users` VALUES ('94', 'qq', '宇宙超级无敌大小强', '202cb962ac59075b964b07152d234b70', '1', '春眠不觉晓处处闻啼鸟', '000000', '16666666666', '122222@88.com', '0', '0', '/images/553ee2f97dcbf.jpg', '');
INSERT INTO `shop_users` VALUES ('97', 'shengfang', 'shengfang', '202cb962ac59075b964b07152d234b70', '0', '', '', '', '', '0', '0', '/images/553f40b9049d5.jpg', '');
INSERT INTO `shop_users` VALUES ('98', 'abcd', '朱磊', '202cb962ac59075b964b07152d234b70', '1', '123', '', '', '', '0', '0', '/images/553f40a761f6d.jpg', '');
INSERT INTO `shop_users` VALUES ('99', 'zhulei521', '朱磊', '202cb962ac59075b964b07152d234b70', '1', '', '', '', '', '0', '0', '', '');
INSERT INTO `shop_users` VALUES ('100', 'zhangsan', '朱磊', '202cb962ac59075b964b07152d234b70', '1', '北京', '', '', '', '0', '0', '/images/553f55864ffd2.jpg', '');
INSERT INTO `shop_users` VALUES ('101', 'lisi', '李四', '202cb962ac59075b964b07152d234b70', '1', '123456', '412000', '123456', '1223@qq.com', '0', '0', '/images/553f4b2c16440.jpg', '');
INSERT INTO `shop_users` VALUES ('102', 'zhangsan', 'zhangsan', '202cb962ac59075b964b07152d234b70', '1', '', '', '', '', '0', '0', '/images/553f7ed029f1b.jpg', '');
INSERT INTO `shop_users` VALUES ('103', 'aa', 'aa', '4124bc0a9335c27f086f24ba207a4912', '1', 'aa', 'aa', 'aa', 'aa@126.com', '0', '0', '/images/553f7e44235d1.jpg', '');
INSERT INTO `shop_users` VALUES ('104', 'wangersan', '朱磊', '202cb962ac59075b964b07152d234b70', '1', '1234', '123', '', '', '0', '0', '/images/55407474ee9e2.jpg', '');
